Выборка банков;;;;;;;;;;;;;;;;;;;;;;;;;;;;;;;;;;;;;;;;;;;;;;;;;;;;;;;;;;;;;;;;;;;;;;;;;;;;;;;;;;;;;;;;;;;;;;;;;;;;;;;;;;;;;;;;;;;;;;;;;;;;;;;;;;;;;;;;;;;;;;;;;;;;;;;;;;;;;;;;;;;;;;;;;;;;;;;;;;;;;;;;;;;;;;;;;;
;;;;;;;;;;;;;;;;;;;;;;;;;;;;;;;;;;;;;;;;;;;;;;;;;;;;;;;;;;;;;;;;;;;;;;;;;;;;;;;;;;;;;;;;;;;;;;;;;;;;;;;;;;;;;;;;;;;;;;;;;;;;;;;;;;;;;;;;;;;;;;;;;;;;;;;;;;;;;;;;;;;;;;;;;;;;;;;;;;;;;;;;;;;;;;;;;;
№;Наименование;Банковский идентификационный номер;2018 - 2мес., Прибыль (убыток) до налогообложения, RUB;2018 - 3мес., Прибыль (убыток) до налогообложения, RUB;2018 - 4мес., Прибыль (убыток) до налогообложения, RUB;2018 - 5мес., Прибыль (убыток) до налогообложения, RUB;2018 - 6мес., Прибыль (убыток) до налогообложения, RUB;2018 - 7мес., Прибыль (убыток) до налогообложения, RUB;2018 - 8мес., Прибыль (убыток) до налогообложения, RUB;2018 - 9мес., Прибыль (убыток) до налогообложения, RUB;2018 - 10мес., Прибыль (убыток) до налогообложения, RUB;2018 - 11мес., Прибыль (убыток) до налогообложения, RUB;2018 - 12мес., Прибыль (убыток) до налогообложения, RUB;2019 - 1мес., Прибыль (убыток) до налогообложения, RUB;2018 - 2мес., Коррсчета (ЛОРО), RUB;2018 - 3мес., Коррсчета (ЛОРО), RUB;2018 - 4мес., Коррсчета (ЛОРО), RUB;2018 - 5мес., Коррсчета (ЛОРО), RUB;2018 - 6мес., Коррсчета (ЛОРО), RUB;2018 - 7мес., Коррсчета (ЛОРО), RUB;2018 - 8мес., Коррсчета (ЛОРО), RUB;2018 - 9мес., Коррсчета (ЛОРО), RUB;2018 - 10мес., Коррсчета (ЛОРО), RUB;2018 - 11мес., Коррсчета (ЛОРО), RUB;2018 - 12мес., Коррсчета (ЛОРО), RUB;2019 - 1мес., Коррсчета (ЛОРО), RUB;2018 - 2мес., Кредиты других банков (МБК), RUB;2018 - 3мес., Кредиты других банков (МБК), RUB;2018 - 4мес., Кредиты других банков (МБК), RUB;2018 - 5мес., Кредиты других банков (МБК), RUB;2018 - 6мес., Кредиты других банков (МБК), RUB;2018 - 7мес., Кредиты других банков (МБК), RUB;2018 - 8мес., Кредиты других банков (МБК), RUB;2018 - 9мес., Кредиты других банков (МБК), RUB;2018 - 10мес., Кредиты других банков (МБК), RUB;2018 - 11мес., Кредиты других банков (МБК), RUB;2018 - 12мес., Кредиты других банков (МБК), RUB;2019 - 1мес., Кредиты других банков (МБК), RUB;2018 - 2мес., Средства клиентов, RUB;2018 - 3мес., Средства клиентов, RUB;2018 - 4мес., Средства клиентов, RUB;2018 - 5мес., Средства клиентов, RUB;2018 - 6мес., Средства клиентов, RUB;2018 - 7мес., Средства клиентов, RUB;2018 - 8мес., Средства клиентов, RUB;2018 - 9мес., Средства клиентов, RUB;2018 - 10мес., Средства клиентов, RUB;2018 - 11мес., Средства клиентов, RUB;2018 - 12мес., Средства клиентов, RUB;2019 - 1мес., Средства клиентов, RUB;2018 - 2мес., Средства организаций на расчетных счетах, RUB;2018 - 3мес., Средства организаций на расчетных счетах, RUB;2018 - 4мес., Средства организаций на расчетных счетах, RUB;2018 - 5мес., Средства организаций на расчетных счетах, RUB;2018 - 6мес., Средства организаций на расчетных счетах, RUB;2018 - 7мес., Средства организаций на расчетных счетах, RUB;2018 - 8мес., Средства организаций на расчетных счетах, RUB;2018 - 9мес., Средства организаций на расчетных счетах, RUB;2018 - 10мес., Средства организаций на расчетных счетах, RUB;2018 - 11мес., Средства организаций на расчетных счетах, RUB;2018 - 12мес., Средства организаций на расчетных счетах, RUB;2019 - 1мес., Средства организаций на расчетных счетах, RUB;2018 - 2мес., Депозиты юридических лиц, RUB;2018 - 3мес., Депозиты юридических лиц, RUB;2018 - 4мес., Депозиты юридических лиц, RUB;2018 - 5мес., Депозиты юридических лиц, RUB;2018 - 6мес., Депозиты юридических лиц, RUB;2018 - 7мес., Депозиты юридических лиц, RUB;2018 - 8мес., Депозиты юридических лиц, RUB;2018 - 9мес., Депозиты юридических лиц, RUB;2018 - 10мес., Депозиты юридических лиц, RUB;2018 - 11мес., Депозиты юридических лиц, RUB;2018 - 12мес., Депозиты юридических лиц, RUB;2019 - 1мес., Депозиты юридических лиц, RUB;2018 - 2мес., Вклады физических лиц, RUB;2018 - 3мес., Вклады физических лиц, RUB;2018 - 4мес., Вклады физических лиц, RUB;2018 - 5мес., Вклады физических лиц, RUB;2018 - 6мес., Вклады физических лиц, RUB;2018 - 7мес., Вклады физических лиц, RUB;2018 - 8мес., Вклады физических лиц, RUB;2018 - 9мес., Вклады физических лиц, RUB;2018 - 10мес., Вклады физических лиц, RUB;2018 - 11мес., Вклады физических лиц, RUB;2018 - 12мес., Вклады физических лиц, RUB;2019 - 1мес., Вклады физических лиц, RUB;2018 - 2мес., Облигации, RUB;2018 - 3мес., Облигации, RUB;2018 - 4мес., Облигации, RUB;2018 - 5мес., Облигации, RUB;2018 - 6мес., Облигации, RUB;2018 - 7мес., Облигации, RUB;2018 - 8мес., Облигации, RUB;2018 - 9мес., Облигации, RUB;2018 - 10мес., Облигации, RUB;2018 - 11мес., Облигации, RUB;2018 - 12мес., Облигации, RUB;2019 - 1мес., Облигации, RUB;2018 - 2мес., Векселя, RUB;2018 - 3мес., Векселя, RUB;2018 - 4мес., Векселя, RUB;2018 - 5мес., Векселя, RUB;2018 - 6мес., Векселя, RUB;2018 - 7мес., Векселя, RUB;2018 - 8мес., Векселя, RUB;2018 - 9мес., Векселя, RUB;2018 - 10мес., Векселя, RUB;2018 - 11мес., Векселя, RUB;2018 - 12мес., Векселя, RUB;2019 - 1мес., Векселя, RUB;2018 - 2мес., Резервы на возможные потери, RUB;2018 - 3мес., Резервы на возможные потери, RUB;2018 - 4мес., Резервы на возможные потери, RUB;2018 - 5мес., Резервы на возможные потери, RUB;2018 - 6мес., Резервы на возможные потери, RUB;2018 - 7мес., Резервы на возможные потери, RUB;2018 - 8мес., Резервы на возможные потери, RUB;2018 - 9мес., Резервы на возможные потери, RUB;2018 - 10мес., Резервы на возможные потери, RUB;2018 - 11мес., Резервы на возможные потери, RUB;2018 - 12мес., Резервы на возможные потери, RUB;2019 - 1мес., Резервы на возможные потери, RUB;2018 - 2мес., Капитал, RUB;2018 - 3мес., Капитал, RUB;2018 - 4мес., Капитал, RUB;2018 - 5мес., Капитал, RUB;2018 - 6мес., Капитал, RUB;2018 - 7мес., Капитал, RUB;2018 - 8мес., Капитал, RUB;2018 - 9мес., Капитал, RUB;2018 - 10мес., Капитал, RUB;2018 - 11мес., Капитал, RUB;2018 - 12мес., Капитал, RUB;2019 - 1мес., Капитал, RUB;2018 - 2мес., Коэффициент покрытия Кредитного портфеля, %;2018 - 3мес., Коэффициент покрытия Кредитного портфеля, %;2018 - 4мес., Коэффициент покрытия Кредитного портфеля, %;2018 - 5мес., Коэффициент покрытия Кредитного портфеля, %;2018 - 6мес., Коэффициент покрытия Кредитного портфеля, %;2018 - 7мес., Коэффициент покрытия Кредитного портфеля, %;2018 - 8мес., Коэффициент покрытия Кредитного портфеля, %;2018 - 9мес., Коэффициент покрытия Кредитного портфеля, %;2018 - 10мес., Коэффициент покрытия Кредитного портфеля, %;2018 - 11мес., Коэффициент покрытия Кредитного портфеля, %;2018 - 12мес., Коэффициент покрытия Кредитного портфеля, %;2019 - 1мес., Коэффициент покрытия Кредитного портфеля, %;2018 - 2мес., Коэффициент обеспечения Кредитного портфеля, %;2018 - 3мес., Коэффициент обеспечения Кредитного портфеля, %;2018 - 4мес., Коэффициент обеспечения Кредитного портфеля, %;2018 - 5мес., Коэффициент обеспечения Кредитного портфеля, %;2018 - 6мес., Коэффициент обеспечения Кредитного портфеля, %;2018 - 7мес., Коэффициент обеспечения Кредитного портфеля, %;2018 - 8мес., Коэффициент обеспечения Кредитного портфеля, %;2018 - 9мес., Коэффициент обеспечения Кредитного портфеля, %;2018 - 10мес., Коэффициент обеспечения Кредитного портфеля, %;2018 - 11мес., Коэффициент обеспечения Кредитного портфеля, %;2018 - 12мес., Коэффициент обеспечения Кредитного портфеля, %;2019 - 1мес., Коэффициент обеспечения Кредитного портфеля, %;2018 - 2мес., Коэффициент просроченной задолженности в Кредитном портфеле, %;2018 - 3мес., Коэффициент просроченной задолженности в Кредитном портфеле, %;2018 - 4мес., Коэффициент просроченной задолженности в Кредитном портфеле, %;2018 - 5мес., Коэффициент просроченной задолженности в Кредитном портфеле, %;2018 - 6мес., Коэффициент просроченной задолженности в Кредитном портфеле, %;2018 - 7мес., Коэффициент просроченной задолженности в Кредитном портфеле, %;2018 - 8мес., Коэффициент просроченной задолженности в Кредитном портфеле, %;2018 - 9мес., Коэффициент просроченной задолженности в Кредитном портфеле, %;2018 - 10мес., Коэффициент просроченной задолженности в Кредитном портфеле, %;2018 - 11мес., Коэффициент просроченной задолженности в Кредитном портфеле, %;2018 - 12мес., Коэффициент просроченной задолженности в Кредитном портфеле, %;2019 - 1мес., Коэффициент просроченной задолженности в Кредитном портфеле, %;2018 - 2мес., Рентабельность активов-нетто (ROA), %;2018 - 3мес., Рентабельность активов-нетто (ROA), %;2018 - 4мес., Рентабельность активов-нетто (ROA), %;2018 - 5мес., Рентабельность активов-нетто (ROA), %;2018 - 6мес., Рентабельность активов-нетто (ROA), %;2018 - 7мес., Рентабельность активов-нетто (ROA), %;2018 - 8мес., Рентабельность активов-нетто (ROA), %;2018 - 9мес., Рентабельность активов-нетто (ROA), %;2018 - 10мес., Рентабельность активов-нетто (ROA), %;2018 - 11мес., Рентабельность активов-нетто (ROA), %;2018 - 12мес., Рентабельность активов-нетто (ROA), %;2019 - 1мес., Рентабельность активов-нетто (ROA), %;2018 - 2мес., Рентабельность собственного капитала (ROE), %;2018 - 3мес., Рентабельность собственного капитала (ROE), %;2018 - 4мес., Рентабельность собственного капитала (ROE), %;2018 - 5мес., Рентабельность собственного капитала (ROE), %;2018 - 6мес., Рентабельность собственного капитала (ROE), %;2018 - 7мес., Рентабельность собственного капитала (ROE), %;2018 - 8мес., Рентабельность собственного капитала (ROE), %;2018 - 9мес., Рентабельность собственного капитала (ROE), %;2018 - 10мес., Рентабельность собственного капитала (ROE), %;2018 - 11мес., Рентабельность собственного капитала (ROE), %;2018 - 12мес., Рентабельность собственного капитала (ROE), %;2019 - 1мес., Рентабельность собственного капитала (ROE), %
1;СИБКОНТАКТ, ОАО КБ;;;;;;;;;;;;;;;;;;;;;;;;;;;;;;;;;;;;;;;;;;;;;;;;;;;;;;;;;;;;;;;;;;;;;;;;;;;;;;;;;;;;;;;;;;;;;;;;;;;;;;;;;;;;;;;;;;;;;;;;;;;;;;;;;;;;;;;;;;;;;;;;;;;;;;;;;;;;;;;;;;;;;;;;;;;;;;;;;;;;;;;;;;;;;;;;;
2;МОСКОВСКИЙ КАПИТАЛ (ООО), КБ;044545150;;;;;;;;;;;;;;;;;;;;;;;;;;;;;;;;;;;;;;;;;;;;;;;;;;;;;;;;;;;;;;;;;;;;;;;;;;;;;;;;;;;;;;;;;;;;;;;;;;;;;;;;;;;;;;;;;;;;;;;;;;;;;;;;;;;;;;;;;;;;;;;;;;;;;;;;;;;;;;;;;;;;;;;;;;;;;;;;;;;;;;;;;;;;;;;;
3;РАДИАН (ОАО), АКБ;042520827;;;;;;;;;;;;;;;;;;;;;;;;;;;;;;;;;;;;;;;;;;;;;;;;;;;;;;;;;;;;;;;;;;;;;;;;;;;;;;;;;;;;;;;;;;;;;;;;;;;;;;;;;;;;;;;;;;;;;;;;;;;;;;;;;;;;;;;;;;;;;;;;;;;;;;;;;;;;;;;;;;;;;;;;;;;;;;;;;;;;;;;;;;;;;;;;
4;БИНБАНК СТОЛИЦА, АО;044525669;;;;;;;;;;;;;;;;;;;;;;;;;;;;;;;;;;;;;;;;;;;;;;;;;;;;;;;;;;;;;;;;;;;;;;;;;;;;;;;;;;;;;;;;;;;;;;;;;;;;;;;;;;;;;;;;;;;;;;;;;;;;;;;;;;;;;;;;;;;;;;;;;;;;;;;;;;;;;;;;;;;;;;;;;;;;;;;;;;;;;;;;;;;;;;;;
5;ЗЕЛЕНОКУМСКАЯ АО, НКО;040717713;;;;;;;;;;;;;;;;;;;;;;;;;;;;;;;;;;;;;;;;;;;;;;;;;;;;;;;;;;;;;;;;;;;;;;;;;;;;;;;;;;;;;;;;;;;;;;;;;;;;;;;;;;;;;;;;;;;;;;;;;;;;;;;;;;;;;;;;;;;;;;;;;;;;;;;;;;;;;;;;;;;;;;;;;;;;;;;;;;;;;;;;;;;;;;;;
6;РБЦ (ООО), РНКО;044552422;;;;;;;;;;;;;;;;;;;;;;;;;;;;;;;;;;;;;;;;;;;;;;;;;;;;;;;;;;;;;;;;;;;;;;;;;;;;;;;;;;;;;;;;;;;;;;;;;;;;;;;;;;;;;;;;;;;;;;;;;;;;;;;;;;;;;;;;;;;;;;;;;;;;;;;;;;;;;;;;;;;;;;;;;;;;;;;;;;;;;;;;;;;;;;;;
7;НРК, ООО;044579980;;;;;;;;;;;;;;;;;;;;;;;;;;;;;;;;;;;;;;;;;;;;;;;;;;;;;;;;;;;;;;;;;;;;;;;;;;;;;;;;;;;;;;;;;;;;;;;;;;;;;;;;;;;;;;;;;;;;;;;;;;;;;;;;;;;;;;;;;;;;;;;;;;;;;;;;;;;;;;;;;;;;;;;;;;;;;;;;;;;;;;;;;;;;;;;;
8;ЕВРОСОЮЗ (ООО), КБ;044579418;;;;;;;;;;;;;;;;;;;;;;;;;;;;;;;;;;;;;;;;;;;;;;;;;;;;;;;;;;;;;;;;;;;;;;;;;;;;;;;;;;;;;;;;;;;;;;;;;;;;;;;;;;;;;;;;;;;;;;;;;;;;;;;;;;;;;;;;;;;;;;;;;;;;;;;;;;;;;;;;;;;;;;;;;;;;;;;;;;;;;;;;;;;;;;;;
9;ТРОЙКА (ОАО), АКБ;044585239;;;;;;;;;;;;;;;;;;;;;;;;;;;;;;;;;;;;;;;;;;;;;;;;;;;;;;;;;;;;;;;;;;;;;;;;;;;;;;;;;;;;;;;;;;;;;;;;;;;;;;;;;;;;;;;;;;;;;;;;;;;;;;;;;;;;;;;;;;;;;;;;;;;;;;;;;;;;;;;;;;;;;;;;;;;;;;;;;;;;;;;;;;;;;;;;
10;СУРГУТСКИЙ ЦЕНТРАЛЬНЫЙ, ООО КБ;047144860;;;;;;;;;;;;;;;;;;;;;;;;;;;;;;;;;;;;;;;;;;;;;;;;;;;;;;;;;;;;;;;;;;;;;;;;;;;;;;;;;;;;;;;;;;;;;;;;;;;;;;;;;;;;;;;;;;;;;;;;;;;;;;;;;;;;;;;;;;;;;;;;;;;;;;;;;;;;;;;;;;;;;;;;;;;;;;;;;;;;;;;;;;;;;;;;
11;РОСЮЖИНВЕСТ, ЗАО;048209753;;;;;;;;;;;;;;;;;;;;;;;;;;;;;;;;;;;;;;;;;;;;;;;;;;;;;;;;;;;;;;;;;;;;;;;;;;;;;;;;;;;;;;;;;;;;;;;;;;;;;;;;;;;;;;;;;;;;;;;;;;;;;;;;;;;;;;;;;;;;;;;;;;;;;;;;;;;;;;;;;;;;;;;;;;;;;;;;;;;;;;;;;;;;;;;;
12;ЛИБРА ООО, КБ;044552519;;;;;;;;;;;;;;;;;;;;;;;;;;;;;;;;;;;;;;;;;;;;;;;;;;;;;;;;;;;;;;;;;;;;;;;;;;;;;;;;;;;;;;;;;;;;;;;;;;;;;;;;;;;;;;;;;;;;;;;;;;;;;;;;;;;;;;;;;;;;;;;;;;;;;;;;;;;;;;;;;;;;;;;;;;;;;;;;;;;;;;;;;;;;;;;;
13;СВЕДБАНК, ОАО;044579889;;;;;;;;;;;;;;;;;;;;;;;;;;;;;;;;;;;;;;;;;;;;;;;;;;;;;;;;;;;;;;;;;;;;;;;;;;;;;;;;;;;;;;;;;;;;;;;;;;;;;;;;;;;;;;;;;;;;;;;;;;;;;;;;;;;;;;;;;;;;;;;;;;;;;;;;;;;;;;;;;;;;;;;;;;;;;;;;;;;;;;;;;;;;;;;;
14;Н-БАНК, ООО КБ;044525177;;;;;;;;;;;;;;;;;;;;;;;;;;;;;;;;;;;;;;;;;;;;;;;;;;;;;;;;;;;;;;;;;;;;;;;;;;;;;;;;;;;;;;;;;;;;;;;;;;;;;;;;;;;;;;;;;;;;;;;;;;;;;;;;;;;;;;;;;;;;;;;;;;;;;;;;;;;;;;;;;;;;;;;;;;;;;;;;;;;;;;;;;;;;;;;;
15;ФРЦ АО, РНКО;044552433;;;;;;;;;;;;;;;;;;;;;;;;;;;;;;;;;;;;;;;;;;;;;;;;;;;;;;;;;;;;;;;;;;;;;;;;;;;;;;;;;;;;;;;;;;;;;;;;;;;;;;;;;;;;;;;;;;;;;;;;;;;;;;;;;;;;;;;;;;;;;;;;;;;;;;;;;;;;;;;;;;;;;;;;;;;;;;;;;;;;;;;;;;;;;;;;
16;КИТ ФИНАНС ИНВЕСТИЦИОННЫЙ БАНК (ОАО);044030848;;;;;;;;;;;;;;;;;;;;;;;;;;;;;;;;;;;;;;;;;;;;;;;;;;;;;;;;;;;;;;;;;;;;;;;;;;;;;;;;;;;;;;;;;;;;;;;;;;;;;;;;;;;;;;;;;;;;;;;;;;;;;;;;;;;;;;;;;;;;;;;;;;;;;;;;;;;;;;;;;;;;;;;;;;;;;;;;;;;;;;;;;;;;;;;;
17;БАНК БФА, ПАО;044030701;;;;;;;;;;;;;;;;;;;;;;;;;;;;;;;;;;;;;;;;;;;;;;;;;;;;;;;;;;;;;;;;;;;;;;;;;;;;;;;;;;;;;;;;;;;;;;;;;;;;;;;;;;;;;;;;;;;;;;;;;;;;;;;;;;;;;;;;;;;;;;;;;;;;;;;;;;;;;;;;;;;;;;;;;;;;;;;;;;;;;;;;;;;;;;;;
18;ТУРБОБАНК, АО АКБ;044030860;;;;;;;;;;;;;;;;;;;;;;;;;;;;;;;;;;;;;;;;;;;;;;;;;;;;;;;;;;;;;;;;;;;;;;;;;;;;;;;;;;;;;;;;;;;;;;;;;;;;;;;;;;;;;;;;;;;;;;;;;;;;;;;;;;;;;;;;;;;;;;;;;;;;;;;;;;;;;;;;;;;;;;;;;;;;;;;;;;;;;;;;;;;;;;;;
19;БИНБАНК МУРМАНСК, АО;044705709;;;;;;;;;;;;;;;;;;;;;;;;;;;;;;;;;;;;;;;;;;;;;;;;;;;;;;;;;;;;;;;;;;;;;;;;;;;;;;;;;;;;;;;;;;;;;;;;;;;;;;;;;;;;;;;;;;;;;;;;;;;;;;;;;;;;;;;;;;;;;;;;;;;;;;;;;;;;;;;;;;;;;;;;;;;;;;;;;;;;;;;;;;;;;;;;
20;ТРАСТОВЫЙ БАНК, ООО КБ;048209774;;;;;;;;;;;;;;;;;;;;;;;;;;;;;;;;;;;;;;;;;;;;;;;;;;;;;;;;;;;;;;;;;;;;;;;;;;;;;;;;;;;;;;;;;;;;;;;;;;;;;;;;;;;;;;;;;;;;;;;;;;;;;;;;;;;;;;;;;;;;;;;;;;;;;;;;;;;;;;;;;;;;;;;;;;;;;;;;;;;;;;;;;;;;;;;;
21;СПБРР ОАО, КБ;;;;;;;;;;;;;;;;;;;;;;;;;;;;;;;;;;;;;;;;;;;;;;;;;;;;;;;;;;;;;;;;;;;;;;;;;;;;;;;;;;;;;;;;;;;;;;;;;;;;;;;;;;;;;;;;;;;;;;;;;;;;;;;;;;;;;;;;;;;;;;;;;;;;;;;;;;;;;;;;;;;;;;;;;;;;;;;;;;;;;;;;;;;;;;;;;
22;УРП, ЗАО;044552402;;;;;;;;;;;;;;;;;;;;;;;;;;;;;;;;;;;;;;;;;;;;;;;;;;;;;;;;;;;;;;;;;;;;;;;;;;;;;;;;;;;;;;;;;;;;;;;;;;;;;;;;;;;;;;;;;;;;;;;;;;;;;;;;;;;;;;;;;;;;;;;;;;;;;;;;;;;;;;;;;;;;;;;;;;;;;;;;;;;;;;;;;;;;;;;;
23;НОВОСИБИРСКИЙ МУНИЦИПАЛЬНЫЙ БАНК, ОАО;045017711;;;;;;;;;;;;;;;;;;;;;;;;;;;;;;;;;;;;;;;;;;;;;;;;;;;;;;;;;;;;;;;;;;;;;;;;;;;;;;;;;;;;;;;;;;;;;;;;;;;;;;;;;;;;;;;;;;;;;;;;;;;;;;;;;;;;;;;;;;;;;;;;;;;;;;;;;;;;;;;;;;;;;;;;;;;;;;;;;;;;;;;;;;;;;;;;
24;РИТЦ БАНК (ООО);048602767;;;;;;;;;;;;;;;;;;;;;;;;;;;;;;;;;;;;;;;;;;;;;;;;;;;;;;;;;;;;;;;;;;;;;;;;;;;;;;;;;;;;;;;;;;;;;;;;;;;;;;;;;;;;;;;;;;;;;;;;;;;;;;;;;;;;;;;;;;;;;;;;;;;;;;;;;;;;;;;;;;;;;;;;;;;;;;;;;;;;;;;;;;;;;;;;
25;МК БАНК, ООО КБ;044585428;;;;;;;;;;;;;;;;;;;;;;;;;;;;;;;;;;;;;;;;;;;;;;;;;;;;;;;;;;;;;;;;;;;;;;;;;;;;;;;;;;;;;;;;;;;;;;;;;;;;;;;;;;;;;;;;;;;;;;;;;;;;;;;;;;;;;;;;;;;;;;;;;;;;;;;;;;;;;;;;;;;;;;;;;;;;;;;;;;;;;;;;;;;;;;;;
26;УНИВЕРСАЛ, ООО КБ;046524824;;;;;;;;;;;;;;;;;;;;;;;;;;;;;;;;;;;;;;;;;;;;;;;;;;;;;;;;;;;;;;;;;;;;;;;;;;;;;;;;;;;;;;;;;;;;;;;;;;;;;;;;;;;;;;;;;;;;;;;;;;;;;;;;;;;;;;;;;;;;;;;;;;;;;;;;;;;;;;;;;;;;;;;;;;;;;;;;;;;;;;;;;;;;;;;;
27;БАСМАННЫЙ (ЗАО), АКБ;044583260;;;;;;;;;;;;;;;;;;;;;;;;;;;;;;;;;;;;;;;;;;;;;;;;;;;;;;;;;;;;;;;;;;;;;;;;;;;;;;;;;;;;;;;;;;;;;;;;;;;;;;;;;;;;;;;;;;;;;;;;;;;;;;;;;;;;;;;;;;;;;;;;;;;;;;;;;;;;;;;;;;;;;;;;;;;;;;;;;;;;;;;;;;;;;;;;
28;WDB-БАНК, ЗАО;046311807;;;;;;;;;;;;;;;;;;;;;;;;;;;;;;;;;;;;;;;;;;;;;;;;;;;;;;;;;;;;;;;;;;;;;;;;;;;;;;;;;;;;;;;;;;;;;;;;;;;;;;;;;;;;;;;;;;;;;;;;;;;;;;;;;;;;;;;;;;;;;;;;;;;;;;;;;;;;;;;;;;;;;;;;;;;;;;;;;;;;;;;;;;;;;;;;
29;ГПБ-ИПОТЕКА (АО), БАНК;044525226;;;;;;;;;;;;;;;;;;;;;;;;;;;;;;;;;;;;;;;;;;;;;;;;;;;;;;;;;;;;;;;;;;;;;;;;;;;;;;;;;;;;;;;;;;;;;;;;;;;;;;;;;;;;;;;;;;;;;;;;;;;;;;;;;;;;;;;;;;;;;;;;;;;;;;;;;;;;;;;;;;;;;;;;;;;;;;;;;;;;;;;;;;;;;;;;
30;ПРОФИТ БАНК, ООО КБ;044579330;;;;;;;;;;;;;;;;;;;;;;;;;;;;;;;;;;;;;;;;;;;;;;;;;;;;;;;;;;;;;;;;;;;;;;;;;;;;;;;;;;;;;;;;;;;;;;;;;;;;;;;;;;;;;;;;;;;;;;;;;;;;;;;;;;;;;;;;;;;;;;;;;;;;;;;;;;;;;;;;;;;;;;;;;;;;;;;;;;;;;;;;;;;;;;;;
31;ФРЕСКО БАНК (ЗАО);047888783;;;;;;;;;;;;;;;;;;;;;;;;;;;;;;;;;;;;;;;;;;;;;;;;;;;;;;;;;;;;;;;;;;;;;;;;;;;;;;;;;;;;;;;;;;;;;;;;;;;;;;;;;;;;;;;;;;;;;;;;;;;;;;;;;;;;;;;;;;;;;;;;;;;;;;;;;;;;;;;;;;;;;;;;;;;;;;;;;;;;;;;;;;;;;;;;
32;БАНК АВБ, АО;043678700;-4 847 176 000;-23 034 414 000;-45 908 234 000;-189 422 155 000;-220 037 289 000;-222 308 073 000;-218 161 672 000;-219 604 609 000;-254 319 871 000;-295 785 917 000;-335 923 762 000;-610 396 000;97 085 113 000;95 956 572 000;0;0;0;0;0;0;0;0;0;0;24 244 732 000;18 200 000 000;0;0;0;0;0;0;0;0;0;0;372 813 000;358 033 000;316 150 000;307 218 000;347 301 000;326 012 000;307 351 000;299 679 000;95 946 000;90 922 000;84 192 000;81 751 000;193 673 000;198 631 000;204 919 000;198 903 000;239 313 000;219 202 000;210 879 000;205 922 000;9 917 000;8 913 000;4 216 000;5 005 000;45 662 000;50 662 000;5 662 000;5 662 000;5 662 000;5 662 000;5 662 000;5 662 000;5 662 000;5 662 000;5 662 000;5 662 000;133 458 000;108 721 000;105 550 000;102 634 000;102 320 000;101 147 000;90 809 000;88 094 000;80 366 000;76 346 000;74 314 000;71 084 000;0;0;0;0;0;0;0;0;0;0;0;0;1 000;0;0;0;0;0;0;0;0;0;0;0;20 013 720 000;38 472 764 000;41 858 427 000;184 590 274 000;216 187 998 000;219 085 771 000;222 971 085 000;221 228 072 000;253 292 621 000;296 224 065 000;336 428 651 000;339 159 557 000;-11 639 981 000;-29 750 505 000;-52 636 925 000;-196 061 696 000;-226 673 094 000;-229 003 406 000;-224 867 644 000;-226 238 548 000;-260 938 618 000;-302 404 305 000;-342 582 911 000;-340 611 745 000;19,07%;33,76%;28,65%;28,66%;29,15%;29,39%;30,17%;30,56%;71,78%;73,28%;86,37%;96,99%;196,57%;200,60%;178,63%;231,66%;236,94%;253,63%;263,19%;266,58%;287,00%;290,12%;286,64%;48,89%;35,46%;37,36%;41,83%;45,44%;45,56%;45,76%;45,80%;48,04%;56,42%;57,19%;60,79%;92,90%;-0,74%;-1,18%;-2,41%;-4,76%;-11,29%;-19,99%;-26,56%;-32,50%;-38,58%;-44,19%;-49,81%;-55,71%;25,88%;31,47%;45,35%;62,02%;80,53%;88,55%;91,50%;93,07%;94,14%;94,94%;95,59%;96,21%
33;ХОВАНСКИЙ (АО), АКБ;044525780;;;;;;;;;;;;;;;;;;;;;;;;;;;;;;;;;;;;;;;;;;;;;;;;;;;;;;;;;;;;;;;;;;;;;;;;;;;;;;;;;;;;;;;;;;;;;;;;;;;;;;;;;;;;;;;;;;;;;;;;;;;;;;;;;;;;;;;;;;;;;;;;;;;;;;;;;;;;;;;;;;;;;;;;;;;;;;;;;;;;;;;;;;;;;;;;
34;ПРОБАНК, АО;044579647;;;;;;;;;;;;;;;;;;;;;;;;;;;;;;;;;;;;;;;;;;;;;;;;;;;;;;;;;;;;;;;;;;;;;;;;;;;;;;;;;;;;;;;;;;;;;;;;;;;;;;;;;;;;;;;;;;;;;;;;;;;;;;;;;;;;;;;;;;;;;;;;;;;;;;;;;;;;;;;;;;;;;;;;;;;;;;;;;;;;;;;;;;;;;;;;
35;АЛТАЙБИЗНЕС-БАНК (АО), АКБ;040173725;;;;;;;;;;;;;;;;;;;;;;;;;;;;;;;;;;;;;;;;;;;;;;;;;;;;;;;;;;;;;;;;;;;;;;;;;;;;;;;;;;;;;;;;;;;;;;;;;;;;;;;;;;;;;;;;;;;;;;;;;;;;;;;;;;;;;;;;;;;;;;;;;;;;;;;;;;;;;;;;;;;;;;;;;;;;;;;;;;;;;;;;;;;;;;;;
36;БРП (ОАО), АБ;044579425;;;;;;;;;;;;;;;;;;;;;;;;;;;;;;;;;;;;;;;;;;;;;;;;;;;;;;;;;;;;;;;;;;;;;;;;;;;;;;;;;;;;;;;;;;;;;;;;;;;;;;;;;;;;;;;;;;;;;;;;;;;;;;;;;;;;;;;;;;;;;;;;;;;;;;;;;;;;;;;;;;;;;;;;;;;;;;;;;;;;;;;;;;;;;;;;
37;РАСЧЕТНЫЙ ФИНАНСОВЫЙ ДОМ, АО НКО;044030304;;;;;;;;;;;;;;;;;;;;;;;;;;;;;;;;;;;;;;;;;;;;;;;;;;;;;;;;;;;;;;;;;;;;;;;;;;;;;;;;;;;;;;;;;;;;;;;;;;;;;;;;;;;;;;;;;;;;;;;;;;;;;;;;;;;;;;;;;;;;;;;;;;;;;;;;;;;;;;;;;;;;;;;;;;;;;;;;;;;;;;;;;;;;;;;;
38;ЭЛЕКТРОНИКА ОАО, АКБ;;;;;;;;;;;;;;;;;;;;;;;;;;;;;;;;;;;;;;;;;;;;;;;;;;;;;;;;;;;;;;;;;;;;;;;;;;;;;;;;;;;;;;;;;;;;;;;;;;;;;;;;;;;;;;;;;;;;;;;;;;;;;;;;;;;;;;;;;;;;;;;;;;;;;;;;;;;;;;;;;;;;;;;;;;;;;;;;;;;;;;;;;;;;;;;;;
39;ЯРОСЛАВ (ЗАО), АКБ;047888774;;;;;;;;;;;;;;;;;;;;;;;;;;;;;;;;;;;;;;;;;;;;;;;;;;;;;;;;;;;;;;;;;;;;;;;;;;;;;;;;;;;;;;;;;;;;;;;;;;;;;;;;;;;;;;;;;;;;;;;;;;;;;;;;;;;;;;;;;;;;;;;;;;;;;;;;;;;;;;;;;;;;;;;;;;;;;;;;;;;;;;;;;;;;;;;;
40;АДЕЛАНТБАНК, ПАО;044583732;;;;;;;;;;;;;;;;;;;;;;;;;;;;;;;;;;;;;;;;;;;;;;;;;;;;;;;;;;;;;;;;;;;;;;;;;;;;;;;;;;;;;;;;;;;;;;;;;;;;;;;;;;;;;;;;;;;;;;;;;;;;;;;;;;;;;;;;;;;;;;;;;;;;;;;;;;;;;;;;;;;;;;;;;;;;;;;;;;;;;;;;;;;;;;;;
41;КАСПИЙ, ООО КБ;048209778;;;;;;;;;;;;;;;;;;;;;;;;;;;;;;;;;;;;;;;;;;;;;;;;;;;;;;;;;;;;;;;;;;;;;;;;;;;;;;;;;;;;;;;;;;;;;;;;;;;;;;;;;;;;;;;;;;;;;;;;;;;;;;;;;;;;;;;;;;;;;;;;;;;;;;;;;;;;;;;;;;;;;;;;;;;;;;;;;;;;;;;;;;;;;;;;
42;РИНГКОМБАНК, ООО КБ;042618758;;;;;;;;;;;;;;;;;;;;;;;;;;;;;;;;;;;;;;;;;;;;;;;;;;;;;;;;;;;;;;;;;;;;;;;;;;;;;;;;;;;;;;;;;;;;;;;;;;;;;;;;;;;;;;;;;;;;;;;;;;;;;;;;;;;;;;;;;;;;;;;;;;;;;;;;;;;;;;;;;;;;;;;;;;;;;;;;;;;;;;;;;;;;;;;;
43;СУЛАК ООО, КИЗИЛЮРТОВСКАЯ РНКО;048209731;;;;;;;;;;;;;;;;;;;;;;;;;;;;;;;;;;;;;;;;;;;;;;;;;;;;;;;;;;;;;;;;;;;;;;;;;;;;;;;;;;;;;;;;;;;;;;;;;;;;;;;;;;;;;;;;;;;;;;;;;;;;;;;;;;;;;;;;;;;;;;;;;;;;;;;;;;;;;;;;;;;;;;;;;;;;;;;;;;;;;;;;;;;;;;;;
44;РАПИДА, ООО НКО;044525290;;;;;;;;;;;;;;;;;;;;;;;;;;;;;;;;;;;;;;;;;;;;;;;;;;;;;;;;;;;;;;;;;;;;;;;;;;;;;;;;;;;;;;;;;;;;;;;;;;;;;;;;;;;;;;;;;;;;;;;;;;;;;;;;;;;;;;;;;;;;;;;;;;;;;;;;;;;;;;;;;;;;;;;;;;;;;;;;;;;;;;;;;;;;;;;;
45;СТРОЙКОМБАНК, ЗАО;041117770;;;;;;;;;;;;;;;;;;;;;;;;;;;;;;;;;;;;;;;;;;;;;;;;;;;;;;;;;;;;;;;;;;;;;;;;;;;;;;;;;;;;;;;;;;;;;;;;;;;;;;;;;;;;;;;;;;;;;;;;;;;;;;;;;;;;;;;;;;;;;;;;;;;;;;;;;;;;;;;;;;;;;;;;;;;;;;;;;;;;;;;;;;;;;;;;
46;ТОР КРЕДИТ, ООО НКО;044583411;;;;;;;;;;;;;;;;;;;;;;;;;;;;;;;;;;;;;;;;;;;;;;;;;;;;;;;;;;;;;;;;;;;;;;;;;;;;;;;;;;;;;;;;;;;;;;;;;;;;;;;;;;;;;;;;;;;;;;;;;;;;;;;;;;;;;;;;;;;;;;;;;;;;;;;;;;;;;;;;;;;;;;;;;;;;;;;;;;;;;;;;;;;;;;;;
47;МЕСЕД, ООО ИКБ;048209763;;;;;;;;;;;;;;;;;;;;;;;;;;;;;;;;;;;;;;;;;;;;;;;;;;;;;;;;;;;;;;;;;;;;;;;;;;;;;;;;;;;;;;;;;;;;;;;;;;;;;;;;;;;;;;;;;;;;;;;;;;;;;;;;;;;;;;;;;;;;;;;;;;;;;;;;;;;;;;;;;;;;;;;;;;;;;;;;;;;;;;;;;;;;;;;;
48;УРАЛФИНПРОМБАНК, ОАО;046577928;;;;;;;;;;;;;;;;;;;;;;;;;;;;;;;;;;;;;;;;;;;;;;;;;;;;;;;;;;;;;;;;;;;;;;;;;;;;;;;;;;;;;;;;;;;;;;;;;;;;;;;;;;;;;;;;;;;;;;;;;;;;;;;;;;;;;;;;;;;;;;;;;;;;;;;;;;;;;;;;;;;;;;;;;;;;;;;;;;;;;;;;;;;;;;;;
49;ГАРАНТИ БАНК-МОСКВА (АО), КБ;044525347;;;;;;;;;;;;;;;;;;;;;;;;;;;;;;;;;;;;;;;;;;;;;;;;;;;;;;;;;;;;;;;;;;;;;;;;;;;;;;;;;;;;;;;;;;;;;;;;;;;;;;;;;;;;;;;;;;;;;;;;;;;;;;;;;;;;;;;;;;;;;;;;;;;;;;;;;;;;;;;;;;;;;;;;;;;;;;;;;;;;;;;;;;;;;;;;
50;ПЕРВЫЙ ЗЕМЕЛЬНЫЙ РЦ (ООО), НКО;043807305;;;;;;;;;;;;;;;;;;;;;;;;;;;;;;;;;;;;;;;;;;;;;;;;;;;;;;;;;;;;;;;;;;;;;;;;;;;;;;;;;;;;;;;;;;;;;;;;;;;;;;;;;;;;;;;;;;;;;;;;;;;;;;;;;;;;;;;;;;;;;;;;;;;;;;;;;;;;;;;;;;;;;;;;;;;;;;;;;;;;;;;;;;;;;;;;
51;КОМБАНК ПРИКАМЬЕ, ОАО;;;;;;;;;;;;;;;;;;;;;;;;;;;;;;;;;;;;;;;;;;;;;;;;;;;;;;;;;;;;;;;;;;;;;;;;;;;;;;;;;;;;;;;;;;;;;;;;;;;;;;;;;;;;;;;;;;;;;;;;;;;;;;;;;;;;;;;;;;;;;;;;;;;;;;;;;;;;;;;;;;;;;;;;;;;;;;;;;;;;;;;;;;;;;;;;;
52;АССИГНАЦИЯ ООО, НКО;040714716;;;;;;;;;;;;;;;;;;;;;;;;;;;;;;;;;;;;;;;;;;;;;;;;;;;;;;;;;;;;;;;;;;;;;;;;;;;;;;;;;;;;;;;;;;;;;;;;;;;;;;;;;;;;;;;;;;;;;;;;;;;;;;;;;;;;;;;;;;;;;;;;;;;;;;;;;;;;;;;;;;;;;;;;;;;;;;;;;;;;;;;;;;;;;;;;
53;ПЕТРОКОММЕРЦ, ОАО БАНК;044525352;;;;;;;;;;;;;;;;;;;;;;;;;;;;;;;;;;;;;;;;;;;;;;;;;;;;;;;;;;;;;;;;;;;;;;;;;;;;;;;;;;;;;;;;;;;;;;;;;;;;;;;;;;;;;;;;;;;;;;;;;;;;;;;;;;;;;;;;;;;;;;;;;;;;;;;;;;;;;;;;;;;;;;;;;;;;;;;;;;;;;;;;;;;;;;;;
54;СМБ-БАНК, АО;044030894;;;;;;;;;;;;;;;;;;;;;;;;;;;;;;;;;;;;;;;;;;;;;;;;;;;;;;;;;;;;;;;;;;;;;;;;;;;;;;;;;;;;;;;;;;;;;;;;;;;;;;;;;;;;;;;;;;;;;;;;;;;;;;;;;;;;;;;;;;;;;;;;;;;;;;;;;;;;;;;;;;;;;;;;;;;;;;;;;;;;;;;;;;;;;;;;
55;ВЭЛКОМБАНК, ЗАО;040708733;;;;;;;;;;;;;;;;;;;;;;;;;;;;;;;;;;;;;;;;;;;;;;;;;;;;;;;;;;;;;;;;;;;;;;;;;;;;;;;;;;;;;;;;;;;;;;;;;;;;;;;;;;;;;;;;;;;;;;;;;;;;;;;;;;;;;;;;;;;;;;;;;;;;;;;;;;;;;;;;;;;;;;;;;;;;;;;;;;;;;;;;;;;;;;;;
56;ТРАНЗИТ ООО, НКО;048209860;;;;;;;;;;;;;;;;;;;;;;;;;;;;;;;;;;;;;;;;;;;;;;;;;;;;;;;;;;;;;;;;;;;;;;;;;;;;;;;;;;;;;;;;;;;;;;;;;;;;;;;;;;;;;;;;;;;;;;;;;;;;;;;;;;;;;;;;;;;;;;;;;;;;;;;;;;;;;;;;;;;;;;;;;;;;;;;;;;;;;;;;;;;;;;;;
57;СЕМБАНК, ООО КБ;044525149;;;;;;;;;;;;;;;;;;;;;;;;;;;;;;;;;;;;;;;;;;;;;;;;;;;;;;;;;;;;;;;;;;;;;;;;;;;;;;;;;;;;;;;;;;;;;;;;;;;;;;;;;;;;;;;;;;;;;;;;;;;;;;;;;;;;;;;;;;;;;;;;;;;;;;;;;;;;;;;;;;;;;;;;;;;;;;;;;;;;;;;;;;;;;;;;
58;ДИАМОНД-БАНК, ООО КБ;044585335;;;;;;;;;;;;;;;;;;;;;;;;;;;;;;;;;;;;;;;;;;;;;;;;;;;;;;;;;;;;;;;;;;;;;;;;;;;;;;;;;;;;;;;;;;;;;;;;;;;;;;;;;;;;;;;;;;;;;;;;;;;;;;;;;;;;;;;;;;;;;;;;;;;;;;;;;;;;;;;;;;;;;;;;;;;;;;;;;;;;;;;;;;;;;;;;
59;КРЕДИТАЛЬЯНС (ООО), НКО;041909708;;;;;;;;;;;;;;;;;;;;;;;;;;;;;;;;;;;;;;;;;;;;;;;;;;;;;;;;;;;;;;;;;;;;;;;;;;;;;;;;;;;;;;;;;;;;;;;;;;;;;;;;;;;;;;;;;;;;;;;;;;;;;;;;;;;;;;;;;;;;;;;;;;;;;;;;;;;;;;;;;;;;;;;;;;;;;;;;;;;;;;;;;;;;;;;;
60;СУНЖА ООО, КБ;042618761;;;;;;;;;;;;;;;;;;;;;;;;;;;;;;;;;;;;;;;;;;;;;;;;;;;;;;;;;;;;;;;;;;;;;;;;;;;;;;;;;;;;;;;;;;;;;;;;;;;;;;;;;;;;;;;;;;;;;;;;;;;;;;;;;;;;;;;;;;;;;;;;;;;;;;;;;;;;;;;;;;;;;;;;;;;;;;;;;;;;;;;;;;;;;;;;
61;ТСБ, ОАО;044585510;;;;;;;;;;;;;;;;;;;;;;;;;;;;;;;;;;;;;;;;;;;;;;;;;;;;;;;;;;;;;;;;;;;;;;;;;;;;;;;;;;;;;;;;;;;;;;;;;;;;;;;;;;;;;;;;;;;;;;;;;;;;;;;;;;;;;;;;;;;;;;;;;;;;;;;;;;;;;;;;;;;;;;;;;;;;;;;;;;;;;;;;;;;;;;;;
62;РЫБХОЗБАНК, ЗАО;;;;;;;;;;;;;;;;;;;;;;;;;;;;;;;;;;;;;;;;;;;;;;;;;;;;;;;;;;;;;;;;;;;;;;;;;;;;;;;;;;;;;;;;;;;;;;;;;;;;;;;;;;;;;;;;;;;;;;;;;;;;;;;;;;;;;;;;;;;;;;;;;;;;;;;;;;;;;;;;;;;;;;;;;;;;;;;;;;;;;;;;;;;;;;;;;
63;СОВРЕМЕННЫЙ КОММЕРЧЕСКИЙ БАНК, ЗАО;044579851;;;;;;;;;;;;;;;;;;;;;;;;;;;;;;;;;;;;;;;;;;;;;;;;;;;;;;;;;;;;;;;;;;;;;;;;;;;;;;;;;;;;;;;;;;;;;;;;;;;;;;;;;;;;;;;;;;;;;;;;;;;;;;;;;;;;;;;;;;;;;;;;;;;;;;;;;;;;;;;;;;;;;;;;;;;;;;;;;;;;;;;;;;;;;;;;
64;ТРАДО-БАНК (ЗАО), АКБ;044552118;;;;;;;;;;;;;;;;;;;;;;;;;;;;;;;;;;;;;;;;;;;;;;;;;;;;;;;;;;;;;;;;;;;;;;;;;;;;;;;;;;;;;;;;;;;;;;;;;;;;;;;;;;;;;;;;;;;;;;;;;;;;;;;;;;;;;;;;;;;;;;;;;;;;;;;;;;;;;;;;;;;;;;;;;;;;;;;;;;;;;;;;;;;;;;;;
65;ЛЕФКО-БАНК (ОАО), АКБ;;;;;;;;;;;;;;;;;;;;;;;;;;;;;;;;;;;;;;;;;;;;;;;;;;;;;;;;;;;;;;;;;;;;;;;;;;;;;;;;;;;;;;;;;;;;;;;;;;;;;;;;;;;;;;;;;;;;;;;;;;;;;;;;;;;;;;;;;;;;;;;;;;;;;;;;;;;;;;;;;;;;;;;;;;;;;;;;;;;;;;;;;;;;;;;;;
66;МАЙМА, ООО РНКО;048405725;;;;;;;;;;;;;;;;;;;;;;;;;;;;;;;;;;;;;;;;;;;;;;;;;;;;;;;;;;;;;;;;;;;;;;;;;;;;;;;;;;;;;;;;;;;;;;;;;;;;;;;;;;;;;;;;;;;;;;;;;;;;;;;;;;;;;;;;;;;;;;;;;;;;;;;;;;;;;;;;;;;;;;;;;;;;;;;;;;;;;;;;;;;;;;;;
67;ИТ-БАНК (ООО), КБ;044545161;;;;;;;;;;;;;;;;;;;;;;;;;;;;;;;;;;;;;;;;;;;;;;;;;;;;;;;;;;;;;;;;;;;;;;;;;;;;;;;;;;;;;;;;;;;;;;;;;;;;;;;;;;;;;;;;;;;;;;;;;;;;;;;;;;;;;;;;;;;;;;;;;;;;;;;;;;;;;;;;;;;;;;;;;;;;;;;;;;;;;;;;;;;;;;;;
68;СТОЛЫПИН (ЗАО), КБ;044583325;;;;;;;;;;;;;;;;;;;;;;;;;;;;;;;;;;;;;;;;;;;;;;;;;;;;;;;;;;;;;;;;;;;;;;;;;;;;;;;;;;;;;;;;;;;;;;;;;;;;;;;;;;;;;;;;;;;;;;;;;;;;;;;;;;;;;;;;;;;;;;;;;;;;;;;;;;;;;;;;;;;;;;;;;;;;;;;;;;;;;;;;;;;;;;;;
69;КБЦ ООО, КБ;042809701;;;;;;;;;;;;;;;;;;;;;;;;;;;;;;;;;;;;;;;;;;;;;;;;;;;;;;;;;;;;;;;;;;;;;;;;;;;;;;;;;;;;;;;;;;;;;;;;;;;;;;;;;;;;;;;;;;;;;;;;;;;;;;;;;;;;;;;;;;;;;;;;;;;;;;;;;;;;;;;;;;;;;;;;;;;;;;;;;;;;;;;;;;;;;;;;
70;ИНРЕСБАНК ООО;044583647;;;;;;;;;;;;;;;;;;;;;;;;;;;;;;;;;;;;;;;;;;;;;;;;;;;;;;;;;;;;;;;;;;;;;;;;;;;;;;;;;;;;;;;;;;;;;;;;;;;;;;;;;;;;;;;;;;;;;;;;;;;;;;;;;;;;;;;;;;;;;;;;;;;;;;;;;;;;;;;;;;;;;;;;;;;;;;;;;;;;;;;;;;;;;;;;
71;ИР-КРЕДИТ, НКО ПАО;044525056;;;;;;;;;;;;;;;;;;;;;;;;;;;;;;;;;;;;;;;;;;;;;;;;;;;;;;;;;;;;;;;;;;;;;;;;;;;;;;;;;;;;;;;;;;;;;;;;;;;;;;;;;;;;;;;;;;;;;;;;;;;;;;;;;;;;;;;;;;;;;;;;;;;;;;;;;;;;;;;;;;;;;;;;;;;;;;;;;;;;;;;;;;;;;;;;
72;ДИАЛОГ-ОПТИМ (ООО), БАНК;044583208;;;;;;;;;;;;;;;;;;;;;;;;;;;;;;;;;;;;;;;;;;;;;;;;;;;;;;;;;;;;;;;;;;;;;;;;;;;;;;;;;;;;;;;;;;;;;;;;;;;;;;;;;;;;;;;;;;;;;;;;;;;;;;;;;;;;;;;;;;;;;;;;;;;;;;;;;;;;;;;;;;;;;;;;;;;;;;;;;;;;;;;;;;;;;;;;
73;ХАНТЫ-МАНСИЙСКИЙ БАНК ОТКРЫТИЕ, ПАО;044583297;;;;;;;;;;;;;;;;;;;;;;;;;;;;;;;;;;;;;;;;;;;;;;;;;;;;;;;;;;;;;;;;;;;;;;;;;;;;;;;;;;;;;;;;;;;;;;;;;;;;;;;;;;;;;;;;;;;;;;;;;;;;;;;;;;;;;;;;;;;;;;;;;;;;;;;;;;;;;;;;;;;;;;;;;;;;;;;;;;;;;;;;;;;;;;;;
74;СИР (ОАО), АБ;049805721;;;;;;;;;;;;;;;;;;;;;;;;;;;;;;;;;;;;;;;;;;;;;;;;;;;;;;;;;;;;;;;;;;;;;;;;;;;;;;;;;;;;;;;;;;;;;;;;;;;;;;;;;;;;;;;;;;;;;;;;;;;;;;;;;;;;;;;;;;;;;;;;;;;;;;;;;;;;;;;;;;;;;;;;;;;;;;;;;;;;;;;;;;;;;;;;
75;ВЕТБ АО, КБ;044583888;;;;;;;;;;;;;;;;;;;;;;;;;;;;;;;;;;;;;;;;;;;;;;;;;;;;;;;;;;;;;;;;;;;;;;;;;;;;;;;;;;;;;;;;;;;;;;;;;;;;;;;;;;;;;;;;;;;;;;;;;;;;;;;;;;;;;;;;;;;;;;;;;;;;;;;;;;;;;;;;;;;;;;;;;;;;;;;;;;;;;;;;;;;;;;;;
76;НАЦИОНАЛЬНЫЙ КАПИТАЛ (ЗАО), АКБ;;;;;;;;;;;;;;;;;;;;;;;;;;;;;;;;;;;;;;;;;;;;;;;;;;;;;;;;;;;;;;;;;;;;;;;;;;;;;;;;;;;;;;;;;;;;;;;;;;;;;;;;;;;;;;;;;;;;;;;;;;;;;;;;;;;;;;;;;;;;;;;;;;;;;;;;;;;;;;;;;;;;;;;;;;;;;;;;;;;;;;;;;;;;;;;;;
77;ГАЛАБАНК ЗАО, АКБ;047908748;;;;;;;;;;;;;;;;;;;;;;;;;;;;;;;;;;;;;;;;;;;;;;;;;;;;;;;;;;;;;;;;;;;;;;;;;;;;;;;;;;;;;;;;;;;;;;;;;;;;;;;;;;;;;;;;;;;;;;;;;;;;;;;;;;;;;;;;;;;;;;;;;;;;;;;;;;;;;;;;;;;;;;;;;;;;;;;;;;;;;;;;;;;;;;;;
78;ОДИНБАНК (ООО), МКБ;044583958;;;;;;;;;;;;;;;;;;;;;;;;;;;;;;;;;;;;;;;;;;;;;;;;;;;;;;;;;;;;;;;;;;;;;;;;;;;;;;;;;;;;;;;;;;;;;;;;;;;;;;;;;;;;;;;;;;;;;;;;;;;;;;;;;;;;;;;;;;;;;;;;;;;;;;;;;;;;;;;;;;;;;;;;;;;;;;;;;;;;;;;;;;;;;;;;
79;СНБ (ЗАО), АБ;042748728;;;;;;;;;;;;;;;;;;;;;;;;;;;;;;;;;;;;;;;;;;;;;;;;;;;;;;;;;;;;;;;;;;;;;;;;;;;;;;;;;;;;;;;;;;;;;;;;;;;;;;;;;;;;;;;;;;;;;;;;;;;;;;;;;;;;;;;;;;;;;;;;;;;;;;;;;;;;;;;;;;;;;;;;;;;;;;;;;;;;;;;;;;;;;;;;
80;ПЕРВОБАНК, ПАО;043601927;;;;;;;;;;;;;;;;;;;;;;;;;;;;;;;;;;;;;;;;;;;;;;;;;;;;;;;;;;;;;;;;;;;;;;;;;;;;;;;;;;;;;;;;;;;;;;;;;;;;;;;;;;;;;;;;;;;;;;;;;;;;;;;;;;;;;;;;;;;;;;;;;;;;;;;;;;;;;;;;;;;;;;;;;;;;;;;;;;;;;;;;;;;;;;;;
81;ДЕРБЕНТ-КРЕДИТ, ОАО АКЗБ;048268701;;;;;;;;;;;;;;;;;;;;;;;;;;;;;;;;;;;;;;;;;;;;;;;;;;;;;;;;;;;;;;;;;;;;;;;;;;;;;;;;;;;;;;;;;;;;;;;;;;;;;;;;;;;;;;;;;;;;;;;;;;;;;;;;;;;;;;;;;;;;;;;;;;;;;;;;;;;;;;;;;;;;;;;;;;;;;;;;;;;;;;;;;;;;;;;;
82;ИНВЕСТКОМБАНК БЭЛКОМ ООО, ИКБ;;;;;;;;;;;;;;;;;;;;;;;;;;;;;;;;;;;;;;;;;;;;;;;;;;;;;;;;;;;;;;;;;;;;;;;;;;;;;;;;;;;;;;;;;;;;;;;;;;;;;;;;;;;;;;;;;;;;;;;;;;;;;;;;;;;;;;;;;;;;;;;;;;;;;;;;;;;;;;;;;;;;;;;;;;;;;;;;;;;;;;;;;;;;;;;;;
83;АББ (АО), БАНК;044583870;;;;;;;;;;;;;;;;;;;;;;;;;;;;;;;;;;;;;;;;;;;;;;;;;;;;;;;;;;;;;;;;;;;;;;;;;;;;;;;;;;;;;;;;;;;;;;;;;;;;;;;;;;;;;;;;;;;;;;;;;;;;;;;;;;;;;;;;;;;;;;;;;;;;;;;;;;;;;;;;;;;;;;;;;;;;;;;;;;;;;;;;;;;;;;;;
84;НЕОПОЛИС-БАНК, (ООО) КБ;044579637;;;;;;;;;;;;;;;;;;;;;;;;;;;;;;;;;;;;;;;;;;;;;;;;;;;;;;;;;;;;;;;;;;;;;;;;;;;;;;;;;;;;;;;;;;;;;;;;;;;;;;;;;;;;;;;;;;;;;;;;;;;;;;;;;;;;;;;;;;;;;;;;;;;;;;;;;;;;;;;;;;;;;;;;;;;;;;;;;;;;;;;;;;;;;;;;
85;ДЕЛЬТА КЕЙ, ООО НКО;;;;;;;;;;;;;;;;;;;;;;;;;;;;;;;;;;;;;;;;;;;;;;;;;;;;;;;;;;;;;;;;;;;;;;;;;;;;;;;;;;;;;;;;;;;;;;;;;;;;;;;;;;;;;;;;;;;;;;;;;;;;;;;;;;;;;;;;;;;;;;;;;;;;;;;;;;;;;;;;;;;;;;;;;;;;;;;;;;;;;;;;;;;;;;;;;
86;БИНБАНК ДИДЖИТАЛ, АО;044525384;91 280 000;330 503 000;428 874 000;531 765 000;632 321 000;782 200 000;888 875 000;789 762 000;944 775 000;1 017 330 000;0;;16 288 000;16 455 000;16 923 000;16 878 000;16 904 000;16 912 000;0;0;0;0;0;;5 000 000 000;5 000 000 000;2 000 000 000;0;0;0;0;0;0;0;0;;11 099 585 000;11 786 859 000;13 449 325 000;13 475 799 000;13 026 160 000;12 857 423 000;13 135 248 000;12 906 946 000;12 600 651 000;12 399 018 000;12 642 973 000;;58 820 000;57 002 000;57 551 000;52 268 000;51 699 000;53 233 000;52 014 000;50 287 000;50 832 000;40 508 000;40 558 000;;211 000;211 000;211 000;211 000;211 000;211 000;211 000;211 000;211 000;211 000;211 000;;11 032 414 000;11 721 544 000;13 383 442 000;13 415 220 000;12 966 165 000;12 795 895 000;13 074 938 000;12 848 363 000;12 541 523 000;12 350 218 000;12 594 123 000;;0;0;0;0;0;0;0;0;0;0;0;;0;0;0;0;0;0;0;0;0;0;0;;8 062 531 000;8 070 508 000;8 131 309 000;8 222 707 000;8 289 616 000;8 285 670 000;8 242 711 000;8 185 225 000;7 498 896 000;7 519 142 000;7 359 535 000;;4 192 914 000;4 090 631 000;4 248 263 000;4 300 630 000;4 396 786 000;4 513 540 000;4 634 122 000;4 524 034 000;4 675 779 000;4 743 518 000;4 861 691 000;;38,68%;38,96%;39,51%;39,59%;40,33%;40,75%;41,12%;41,80%;40,17%;40,85%;41,34%;;19,58%;19,72%;1,49%;1,45%;1,47%;1,48%;1,51%;1,52%;1,51%;1,53%;0,68%;;31,96%;32,25%;32,94%;32,99%;33,71%;34,13%;34,51%;35,17%;33,17%;33,66%;34,58%;;4,23%;4,24%;4,20%;4,09%;3,87%;3,63%;3,39%;3,17%;2,91%;2,62%;2,33%;;84,73%;67,60%;55,49%;45,87%;37,50%;30,59%;25,09%;21,69%;19,34%;16,94%;14,60%;
87;МУНИЦИПАЛЬНЫЙ КОММЕРЧЕСКИЙ БАНК, ОАО;042748792;;;;;;;;;;;;;;;;;;;;;;;;;;;;;;;;;;;;;;;;;;;;;;;;;;;;;;;;;;;;;;;;;;;;;;;;;;;;;;;;;;;;;;;;;;;;;;;;;;;;;;;;;;;;;;;;;;;;;;;;;;;;;;;;;;;;;;;;;;;;;;;;;;;;;;;;;;;;;;;;;;;;;;;;;;;;;;;;;;;;;;;;;;;;;;;;
88;НАРОДНЫЙ ЗЕМЕЛЬНО-ПРОМЫШЛЕННЫЙ БАНК, АО;040147781;;;;;;;;;;;;;;;;;;;;;;;;;;;;;;;;;;;;;;;;;;;;;;;;;;;;;;;;;;;;;;;;;;;;;;;;;;;;;;;;;;;;;;;;;;;;;;;;;;;;;;;;;;;;;;;;;;;;;;;;;;;;;;;;;;;;;;;;;;;;;;;;;;;;;;;;;;;;;;;;;;;;;;;;;;;;;;;;;;;;;;;;;;;;;;;;
89;ТУВАКРЕДИТ, ОАО НКО;049304729;;;;;;;;;;;;;;;;;;;;;;;;;;;;;;;;;;;;;;;;;;;;;;;;;;;;;;;;;;;;;;;;;;;;;;;;;;;;;;;;;;;;;;;;;;;;;;;;;;;;;;;;;;;;;;;;;;;;;;;;;;;;;;;;;;;;;;;;;;;;;;;;;;;;;;;;;;;;;;;;;;;;;;;;;;;;;;;;;;;;;;;;;;;;;;;;
90;ЦМР (ООО), РНКО;044579373;;;;;;;;;;;;;;;;;;;;;;;;;;;;;;;;;;;;;;;;;;;;;;;;;;;;;;;;;;;;;;;;;;;;;;;;;;;;;;;;;;;;;;;;;;;;;;;;;;;;;;;;;;;;;;;;;;;;;;;;;;;;;;;;;;;;;;;;;;;;;;;;;;;;;;;;;;;;;;;;;;;;;;;;;;;;;;;;;;;;;;;;;;;;;;;;
91;ОБЪЕДИНЕННЫЙ НАЦИОНАЛЬНЫЙ БАНК (ООО);042202709;;;;;;;;;;;;;;;;;;;;;;;;;;;;;;;;;;;;;;;;;;;;;;;;;;;;;;;;;;;;;;;;;;;;;;;;;;;;;;;;;;;;;;;;;;;;;;;;;;;;;;;;;;;;;;;;;;;;;;;;;;;;;;;;;;;;;;;;;;;;;;;;;;;;;;;;;;;;;;;;;;;;;;;;;;;;;;;;;;;;;;;;;;;;;;;;
92;ИНТЕРРАСЧЕТ РНКО, АО;044583614;;;;;;;;;;;;;;;;;;;;;;;;;;;;;;;;;;;;;;;;;;;;;;;;;;;;;;;;;;;;;;;;;;;;;;;;;;;;;;;;;;;;;;;;;;;;;;;;;;;;;;;;;;;;;;;;;;;;;;;;;;;;;;;;;;;;;;;;;;;;;;;;;;;;;;;;;;;;;;;;;;;;;;;;;;;;;;;;;;;;;;;;;;;;;;;;
93;СООТЕЧЕСТВЕННИКИ, ОАО БАНК;;;;;;;;;;;;;;;;;;;;;;;;;;;;;;;;;;;;;;;;;;;;;;;;;;;;;;;;;;;;;;;;;;;;;;;;;;;;;;;;;;;;;;;;;;;;;;;;;;;;;;;;;;;;;;;;;;;;;;;;;;;;;;;;;;;;;;;;;;;;;;;;;;;;;;;;;;;;;;;;;;;;;;;;;;;;;;;;;;;;;;;;;;;;;;;;;
94;ДАЛТА-БАНК, АО;040502713;;;;;;;;;;;;;;;;;;;;;;;;;;;;;;;;;;;;;;;;;;;;;;;;;;;;;;;;;;;;;;;;;;;;;;;;;;;;;;;;;;;;;;;;;;;;;;;;;;;;;;;;;;;;;;;;;;;;;;;;;;;;;;;;;;;;;;;;;;;;;;;;;;;;;;;;;;;;;;;;;;;;;;;;;;;;;;;;;;;;;;;;;;;;;;;;
95;МКБ (ООО), КБ;044525198;;;;;;;;;;;;;;;;;;;;;;;;;;;;;;;;;;;;;;;;;;;;;;;;;;;;;;;;;;;;;;;;;;;;;;;;;;;;;;;;;;;;;;;;;;;;;;;;;;;;;;;;;;;;;;;;;;;;;;;;;;;;;;;;;;;;;;;;;;;;;;;;;;;;;;;;;;;;;;;;;;;;;;;;;;;;;;;;;;;;;;;;;;;;;;;;
96;НАДЕЖНОСТЬ ОАО, ЗАСКБ;043735844;;;;;;;;;;;;;;;;;;;;;;;;;;;;;;;;;;;;;;;;;;;;;;;;;;;;;;;;;;;;;;;;;;;;;;;;;;;;;;;;;;;;;;;;;;;;;;;;;;;;;;;;;;;;;;;;;;;;;;;;;;;;;;;;;;;;;;;;;;;;;;;;;;;;;;;;;;;;;;;;;;;;;;;;;;;;;;;;;;;;;;;;;;;;;;;;
97;ГОРОДСКОЙ РАСЧЕТНЫЙ ЦЕНТР, ОАО НКО;043735358;;;;;;;;;;;;;;;;;;;;;;;;;;;;;;;;;;;;;;;;;;;;;;;;;;;;;;;;;;;;;;;;;;;;;;;;;;;;;;;;;;;;;;;;;;;;;;;;;;;;;;;;;;;;;;;;;;;;;;;;;;;;;;;;;;;;;;;;;;;;;;;;;;;;;;;;;;;;;;;;;;;;;;;;;;;;;;;;;;;;;;;;;;;;;;;;
98;ГЛОБЭКСБАНК, АО;044525243;-90 470 000;-414 982 000;-630 124 000;-5 994 288 000;-6 070 827 000;-6 393 413 000;-6 880 152 000;-6 922 869 000;-2 292 605 000;;;;3 011 664 000;2 993 677 000;990 261 000;955 082 000;757 522 000;1 123 903 000;1 067 802 000;685 691 000;939 789 000;;;;677 000 000;1 071 265 000;12 601 998 000;2 403 000 000;12 326 903 000;8 075 000 000;4 120 926 000;3 518 924 000;5 536 942 000;;;;80 891 700 000;79 698 444 000;76 103 258 000;74 148 948 000;73 591 990 000;74 602 576 000;73 313 984 000;70 400 851 000;68 476 746 000;;;;14 882 891 000;14 542 703 000;13 772 929 000;15 146 677 000;13 785 246 000;15 139 513 000;12 654 147 000;12 961 615 000;12 465 193 000;;;;9 478 941 000;9 124 164 000;6 580 291 000;6 501 167 000;7 514 889 000;6 168 703 000;7 092 956 000;5 310 795 000;5 387 864 000;;;;56 443 195 000;55 870 060 000;55 419 229 000;52 302 558 000;52 086 076 000;53 060 284 000;53 320 110 000;51 821 247 000;50 521 081 000;;;;491 000;491 000;491 000;491 000;491 000;491 000;491 000;491 000;491 000;;;;3 139 919 000;2 817 651 000;1 507 037 000;1 147 736 000;921 468 000;866 407 000;823 996 000;810 542 000;807 407 000;;;;23 094 148 000;23 351 986 000;23 640 484 000;28 867 293 000;29 033 323 000;29 249 946 000;29 491 609 000;29 558 332 000;22 055 495 000;;;;20 282 890 000;19 831 607 000;19 647 641 000;14 202 355 000;14 000 905 000;13 649 278 000;13 049 440 000;13 064 348 000;17 791 883 000;;;;25,46%;26,81%;26,42%;28,76%;30,86%;29,55%;30,50%;32,75%;39,02%;;;;193,48%;184,50%;180,44%;181,49%;203,43%;193,19%;205,81%;234,83%;276,76%;;;;23,61%;25,19%;24,79%;25,97%;28,05%;26,89%;27,49%;29,56%;35,95%;;;;0,09%;0,10%;0,12%;0,14%;-0,04%;-0,46%;-0,90%;-1,41%;-1,96%;;;;0,74%;0,83%;0,89%;1,05%;-0,28%;-3,28%;-6,52%;-10,41%;-14,79%;;;
99;ВТБ 24 (ПАО);044525716;;;;;;;;;;;;;;;;;;;;;;;;;;;;;;;;;;;;;;;;;;;;;;;;;;;;;;;;;;;;;;;;;;;;;;;;;;;;;;;;;;;;;;;;;;;;;;;;;;;;;;;;;;;;;;;;;;;;;;;;;;;;;;;;;;;;;;;;;;;;;;;;;;;;;;;;;;;;;;;;;;;;;;;;;;;;;;;;;;;;;;;;;;;;;;;;
100;МЕЖРЕГИОНАЛЬНЫЙ ПОЧТОВЫЙ БАНК ООО, КБ;044525791;;;;;;;;;;;;;;;;;;;;;;;;;;;;;;;;;;;;;;;;;;;;;;;;;;;;;;;;;;;;;;;;;;;;;;;;;;;;;;;;;;;;;;;;;;;;;;;;;;;;;;;;;;;;;;;;;;;;;;;;;;;;;;;;;;;;;;;;;;;;;;;;;;;;;;;;;;;;;;;;;;;;;;;;;;;;;;;;;;;;;;;;;;;;;;;;
101;БАНК (ОАО), УП;049401846;;;;;;;;;;;;;;;;;;;;;;;;;;;;;;;;;;;;;;;;;;;;;;;;;;;;;;;;;;;;;;;;;;;;;;;;;;;;;;;;;;;;;;;;;;;;;;;;;;;;;;;;;;;;;;;;;;;;;;;;;;;;;;;;;;;;;;;;;;;;;;;;;;;;;;;;;;;;;;;;;;;;;;;;;;;;;;;;;;;;;;;;;;;;;;;;
102;ГРАД-БАНК, ОАО АКБ;;;;;;;;;;;;;;;;;;;;;;;;;;;;;;;;;;;;;;;;;;;;;;;;;;;;;;;;;;;;;;;;;;;;;;;;;;;;;;;;;;;;;;;;;;;;;;;;;;;;;;;;;;;;;;;;;;;;;;;;;;;;;;;;;;;;;;;;;;;;;;;;;;;;;;;;;;;;;;;;;;;;;;;;;;;;;;;;;;;;;;;;;;;;;;;;;
103;ОНЛАЙН БАНК (ЗАО), АКБ;044585159;;;;;;;;;;;;;;;;;;;;;;;;;;;;;;;;;;;;;;;;;;;;;;;;;;;;;;;;;;;;;;;;;;;;;;;;;;;;;;;;;;;;;;;;;;;;;;;;;;;;;;;;;;;;;;;;;;;;;;;;;;;;;;;;;;;;;;;;;;;;;;;;;;;;;;;;;;;;;;;;;;;;;;;;;;;;;;;;;;;;;;;;;;;;;;;;
104;БАЛТКРЕДОБАНК, КБ;042748781;;;;;;;;;;;;;;;;;;;;;;;;;;;;;;;;;;;;;;;;;;;;;;;;;;;;;;;;;;;;;;;;;;;;;;;;;;;;;;;;;;;;;;;;;;;;;;;;;;;;;;;;;;;;;;;;;;;;;;;;;;;;;;;;;;;;;;;;;;;;;;;;;;;;;;;;;;;;;;;;;;;;;;;;;;;;;;;;;;;;;;;;;;;;;;;;
105;ИПФ БАНК, ООО;;;;;;;;;;;;;;;;;;;;;;;;;;;;;;;;;;;;;;;;;;;;;;;;;;;;;;;;;;;;;;;;;;;;;;;;;;;;;;;;;;;;;;;;;;;;;;;;;;;;;;;;;;;;;;;;;;;;;;;;;;;;;;;;;;;;;;;;;;;;;;;;;;;;;;;;;;;;;;;;;;;;;;;;;;;;;;;;;;;;;;;;;;;;;;;;;
106;КИП-БАНК (ООО), КБ;044552964;;;;;;;;;;;;;;;;;;;;;;;;;;;;;;;;;;;;;;;;;;;;;;;;;;;;;;;;;;;;;;;;;;;;;;;;;;;;;;;;;;;;;;;;;;;;;;;;;;;;;;;;;;;;;;;;;;;;;;;;;;;;;;;;;;;;;;;;;;;;;;;;;;;;;;;;;;;;;;;;;;;;;;;;;;;;;;;;;;;;;;;;;;;;;;;;
107;ДАГЕСТАН ООО, КБСР;048209769;;;;;;;;;;;;;;;;;;;;;;;;;;;;;;;;;;;;;;;;;;;;;;;;;;;;;;;;;;;;;;;;;;;;;;;;;;;;;;;;;;;;;;;;;;;;;;;;;;;;;;;;;;;;;;;;;;;;;;;;;;;;;;;;;;;;;;;;;;;;;;;;;;;;;;;;;;;;;;;;;;;;;;;;;;;;;;;;;;;;;;;;;;;;;;;;
108;МОЙ БАНК (ООО);044525088;;;;;;;;;;;;;;;;;;;;;;;;;;;;;;;;;;;;;;;;;;;;;;;;;;;;;;;;;;;;;;;;;;;;;;;;;;;;;;;;;;;;;;;;;;;;;;;;;;;;;;;;;;;;;;;;;;;;;;;;;;;;;;;;;;;;;;;;;;;;;;;;;;;;;;;;;;;;;;;;;;;;;;;;;;;;;;;;;;;;;;;;;;;;;;;;
109;АГРОХИМБАНК, ОАО;;;;;;;;;;;;;;;;;;;;;;;;;;;;;;;;;;;;;;;;;;;;;;;;;;;;;;;;;;;;;;;;;;;;;;;;;;;;;;;;;;;;;;;;;;;;;;;;;;;;;;;;;;;;;;;;;;;;;;;;;;;;;;;;;;;;;;;;;;;;;;;;;;;;;;;;;;;;;;;;;;;;;;;;;;;;;;;;;;;;;;;;;;;;;;;;;
110;СОВИНКОМ ООО, КБ;044585288;;;;;;;;;;;;;;;;;;;;;;;;;;;;;;;;;;;;;;;;;;;;;;;;;;;;;;;;;;;;;;;;;;;;;;;;;;;;;;;;;;;;;;;;;;;;;;;;;;;;;;;;;;;;;;;;;;;;;;;;;;;;;;;;;;;;;;;;;;;;;;;;;;;;;;;;;;;;;;;;;;;;;;;;;;;;;;;;;;;;;;;;;;;;;;;;
111;ДЕЛНА БАНК, ООО;;;;;;;;;;;;;;;;;;;;;;;;;;;;;;;;;;;;;;;;;;;;;;;;;;;;;;;;;;;;;;;;;;;;;;;;;;;;;;;;;;;;;;;;;;;;;;;;;;;;;;;;;;;;;;;;;;;;;;;;;;;;;;;;;;;;;;;;;;;;;;;;;;;;;;;;;;;;;;;;;;;;;;;;;;;;;;;;;;;;;;;;;;;;;;;;;
112;РУСЮГБАНК, ПАО КБ;041806791;20 992 000;27 108 000;35 186 000;37 827 000;;;;;;;;;0;0;3 474 000;0;;;;;;;;;150 000 000;150 000 000;150 000 000;150 000 000;;;;;;;;;6 327 798 000;6 043 326 000;6 045 625 000;6 246 073 000;;;;;;;;;1 291 213 000;1 238 151 000;1 126 251 000;1 167 755 000;;;;;;;;;629 915 000;479 890 000;582 728 000;586 658 000;;;;;;;;;4 404 643 000;4 322 621 000;4 333 632 000;4 490 983 000;;;;;;;;;0;0;0;0;;;;;;;;;81 440 000;83 671 000;65 500 000;53 574 000;;;;;;;;;953 873 000;969 914 000;994 356 000;1 009 849 000;;;;;;;;;1 722 446 000;1 730 689 000;1 733 417 000;1 732 951 000;;;;;;;;;13,11%;13,14%;13,14%;13,50%;;;;;;;;;144,63%;141,59%;144,30%;148,95%;;;;;;;;;0,63%;0,65%;0,96%;1,00%;;;;;;;;;1,14%;1,12%;1,09%;1,05%;;;;;;;;;6,39%;6,23%;6,05%;5,81%;;;;;;;;
113;ВББ, ООО КБ;040507711;;;;;;;;;;;;;;;;;;;;;;;;;;;;;;;;;;;;;;;;;;;;;;;;;;;;;;;;;;;;;;;;;;;;;;;;;;;;;;;;;;;;;;;;;;;;;;;;;;;;;;;;;;;;;;;;;;;;;;;;;;;;;;;;;;;;;;;;;;;;;;;;;;;;;;;;;;;;;;;;;;;;;;;;;;;;;;;;;;;;;;;;;;;;;;;;
114;БАНК НА ГОНЧАРНОЙ (АО);044525448;52 102 000;;;;;;;;;;;;4 839 000;;;;;;;;;;;;1 063 782 000;;;;;;;;;;;;1 454 854 000;;;;;;;;;;;;1 223 812 000;;;;;;;;;;;;126 485 000;;;;;;;;;;;;99 343 000;;;;;;;;;;;;0;;;;;;;;;;;;82 864 000;;;;;;;;;;;;261 521 000;;;;;;;;;;;;3 455 294 000;;;;;;;;;;;;4,97%;;;;;;;;;;;;16,67%;;;;;;;;;;;;3,02%;;;;;;;;;;;;1,13%;;;;;;;;;;;;2,71%;;;;;;;;;;;
115;КОНГРЕСС-БАНК ОАО;044599988;;;;;;;;;;;;;;;;;;;;;;;;;;;;;;;;;;;;;;;;;;;;;;;;;;;;;;;;;;;;;;;;;;;;;;;;;;;;;;;;;;;;;;;;;;;;;;;;;;;;;;;;;;;;;;;;;;;;;;;;;;;;;;;;;;;;;;;;;;;;;;;;;;;;;;;;;;;;;;;;;;;;;;;;;;;;;;;;;;;;;;;;;;;;;;;;
116;КАУРИ, ОАО КБ;;;;;;;;;;;;;;;;;;;;;;;;;;;;;;;;;;;;;;;;;;;;;;;;;;;;;;;;;;;;;;;;;;;;;;;;;;;;;;;;;;;;;;;;;;;;;;;;;;;;;;;;;;;;;;;;;;;;;;;;;;;;;;;;;;;;;;;;;;;;;;;;;;;;;;;;;;;;;;;;;;;;;;;;;;;;;;;;;;;;;;;;;;;;;;;;;
117;УРАЙКОМБАНК, ООО;;;;;;;;;;;;;;;;;;;;;;;;;;;;;;;;;;;;;;;;;;;;;;;;;;;;;;;;;;;;;;;;;;;;;;;;;;;;;;;;;;;;;;;;;;;;;;;;;;;;;;;;;;;;;;;;;;;;;;;;;;;;;;;;;;;;;;;;;;;;;;;;;;;;;;;;;;;;;;;;;;;;;;;;;;;;;;;;;;;;;;;;;;;;;;;;;
118;МИБ, ЗАО АКБ;044585721;;;;;;;;;;;;;;;;;;;;;;;;;;;;;;;;;;;;;;;;;;;;;;;;;;;;;;;;;;;;;;;;;;;;;;;;;;;;;;;;;;;;;;;;;;;;;;;;;;;;;;;;;;;;;;;;;;;;;;;;;;;;;;;;;;;;;;;;;;;;;;;;;;;;;;;;;;;;;;;;;;;;;;;;;;;;;;;;;;;;;;;;;;;;;;;;
119;ПРИРОДА ООО, КБ;044585455;;;;;;;;;;;;;;;;;;;;;;;;;;;;;;;;;;;;;;;;;;;;;;;;;;;;;;;;;;;;;;;;;;;;;;;;;;;;;;;;;;;;;;;;;;;;;;;;;;;;;;;;;;;;;;;;;;;;;;;;;;;;;;;;;;;;;;;;;;;;;;;;;;;;;;;;;;;;;;;;;;;;;;;;;;;;;;;;;;;;;;;;;;;;;;;;
120;ОКЕАН БАНК (АО);044525334;;;;;;;;;;;;;;;;;;;;;;;;;;;;;;;;;;;;;;;;;;;;;;;;;;;;;;;;;;;;;;;;;;;;;;;;;;;;;;;;;;;;;;;;;;;;;;;;;;;;;;;;;;;;;;;;;;;;;;;;;;;;;;;;;;;;;;;;;;;;;;;;;;;;;;;;;;;;;;;;;;;;;;;;;;;;;;;;;;;;;;;;;;;;;;;;
121;КРАСБАНК, ООО КБ;;;;;;;;;;;;;;;;;;;;;;;;;;;;;;;;;;;;;;;;;;;;;;;;;;;;;;;;;;;;;;;;;;;;;;;;;;;;;;;;;;;;;;;;;;;;;;;;;;;;;;;;;;;;;;;;;;;;;;;;;;;;;;;;;;;;;;;;;;;;;;;;;;;;;;;;;;;;;;;;;;;;;;;;;;;;;;;;;;;;;;;;;;;;;;;;;
122;ЕВРОПЕЙСКИЙ, ЗАО ИКБ;042748705;;;;;;;;;;;;;;;;;;;;;;;;;;;;;;;;;;;;;;;;;;;;;;;;;;;;;;;;;;;;;;;;;;;;;;;;;;;;;;;;;;;;;;;;;;;;;;;;;;;;;;;;;;;;;;;;;;;;;;;;;;;;;;;;;;;;;;;;;;;;;;;;;;;;;;;;;;;;;;;;;;;;;;;;;;;;;;;;;;;;;;;;;;;;;;;;
123;СТАРЫЙ КРЕМЛЬ (ООО), КБ;044552704;;;;;;;;;;;;;;;;;;;;;;;;;;;;;;;;;;;;;;;;;;;;;;;;;;;;;;;;;;;;;;;;;;;;;;;;;;;;;;;;;;;;;;;;;;;;;;;;;;;;;;;;;;;;;;;;;;;;;;;;;;;;;;;;;;;;;;;;;;;;;;;;;;;;;;;;;;;;;;;;;;;;;;;;;;;;;;;;;;;;;;;;;;;;;;;;
124;НКО МРЦ, ЗАО;040507301;;;;;;;;;;;;;;;;;;;;;;;;;;;;;;;;;;;;;;;;;;;;;;;;;;;;;;;;;;;;;;;;;;;;;;;;;;;;;;;;;;;;;;;;;;;;;;;;;;;;;;;;;;;;;;;;;;;;;;;;;;;;;;;;;;;;;;;;;;;;;;;;;;;;;;;;;;;;;;;;;;;;;;;;;;;;;;;;;;;;;;;;;;;;;;;;
125;КБИ БАНК ООО;;;;;;;;;;;;;;;;;;;;;;;;;;;;;;;;;;;;;;;;;;;;;;;;;;;;;;;;;;;;;;;;;;;;;;;;;;;;;;;;;;;;;;;;;;;;;;;;;;;;;;;;;;;;;;;;;;;;;;;;;;;;;;;;;;;;;;;;;;;;;;;;;;;;;;;;;;;;;;;;;;;;;;;;;;;;;;;;;;;;;;;;;;;;;;;;;
126;АТЛАС БАНК, ООО;044525263;;;;;;;;;;;;;;;;;;;;;;;;;;;;;;;;;;;;;;;;;;;;;;;;;;;;;;;;;;;;;;;;;;;;;;;;;;;;;;;;;;;;;;;;;;;;;;;;;;;;;;;;;;;;;;;;;;;;;;;;;;;;;;;;;;;;;;;;;;;;;;;;;;;;;;;;;;;;;;;;;;;;;;;;;;;;;;;;;;;;;;;;;;;;;;;;
127;ГРИС-БАНК, ООО КБ;040708775;;;;;;;;;;;;;;;;;;;;;;;;;;;;;;;;;;;;;;;;;;;;;;;;;;;;;;;;;;;;;;;;;;;;;;;;;;;;;;;;;;;;;;;;;;;;;;;;;;;;;;;;;;;;;;;;;;;;;;;;;;;;;;;;;;;;;;;;;;;;;;;;;;;;;;;;;;;;;;;;;;;;;;;;;;;;;;;;;;;;;;;;;;;;;;;;
128;ВЕРХНЕВОЛЖСКИЙ, ПАО КБ;047885715;;;;;;;;;;;;;;;;;;;;;;;;;;;;;;;;;;;;;;;;;;;;;;;;;;;;;;;;;;;;;;;;;;;;;;;;;;;;;;;;;;;;;;;;;;;;;;;;;;;;;;;;;;;;;;;;;;;;;;;;;;;;;;;;;;;;;;;;;;;;;;;;;;;;;;;;;;;;;;;;;;;;;;;;;;;;;;;;;;;;;;;;;;;;;;;;
129;ПРИНТБАНК, ОАО;044552734;;;;;;;;;;;;;;;;;;;;;;;;;;;;;;;;;;;;;;;;;;;;;;;;;;;;;;;;;;;;;;;;;;;;;;;;;;;;;;;;;;;;;;;;;;;;;;;;;;;;;;;;;;;;;;;;;;;;;;;;;;;;;;;;;;;;;;;;;;;;;;;;;;;;;;;;;;;;;;;;;;;;;;;;;;;;;;;;;;;;;;;;;;;;;;;;
130;КОДЕКС (ОАО), АКБ;044585171;;;;;;;;;;;;;;;;;;;;;;;;;;;;;;;;;;;;;;;;;;;;;;;;;;;;;;;;;;;;;;;;;;;;;;;;;;;;;;;;;;;;;;;;;;;;;;;;;;;;;;;;;;;;;;;;;;;;;;;;;;;;;;;;;;;;;;;;;;;;;;;;;;;;;;;;;;;;;;;;;;;;;;;;;;;;;;;;;;;;;;;;;;;;;;;;
131;СТАЛЬ БАНК (ООО);044525164;;;;;;;;;;;;;;;;;;;;;;;;;;;;;;;;;;;;;;;;;;;;;;;;;;;;;;;;;;;;;;;;;;;;;;;;;;;;;;;;;;;;;;;;;;;;;;;;;;;;;;;;;;;;;;;;;;;;;;;;;;;;;;;;;;;;;;;;;;;;;;;;;;;;;;;;;;;;;;;;;;;;;;;;;;;;;;;;;;;;;;;;;;;;;;;;
132;ГАНЗАКОМБАНК, ОАО;044030816;;;;;;;;;;;;;;;;;;;;;;;;;;;;;;;;;;;;;;;;;;;;;;;;;;;;;;;;;;;;;;;;;;;;;;;;;;;;;;;;;;;;;;;;;;;;;;;;;;;;;;;;;;;;;;;;;;;;;;;;;;;;;;;;;;;;;;;;;;;;;;;;;;;;;;;;;;;;;;;;;;;;;;;;;;;;;;;;;;;;;;;;;;;;;;;;
133;РОСТ БАНК, АО;044525937;-33 102 525 000;-35 462 514 000;-26 766 996 000;-40 613 945 000;-40 582 141 000;;;;;;;;8 685 000;0;0;0;0;;;;;;;;784 850 000 000;0;0;0;0;;;;;;;;39 861 359 000;21 406 145 000;11 267 771 000;11 285 601 000;10 879 305 000;;;;;;;;11 049 498 000;10 999 532 000;11 107 130 000;11 133 290 000;10 727 819 000;;;;;;;;18 400 856 000;856 000;856 000;856 000;856 000;;;;;;;;10 304 671 000;10 296 472 000;159 675 000;151 328 000;150 500 000;;;;;;;;0;0;0;0;0;;;;;;;;185 686 000;185 686 000;185 686 000;185 686 000;185 686 000;;;;;;;;380 100 801 000;381 789 187 000;380 457 498 000;394 705 490 000;394 750 702 000;;;;;;;;-426 431 161 000;-429 198 649 000;-421 035 320 000;-433 908 548 000;-436 433 994 000;;;;;;;;42,29%;42,46%;43,32%;43,42%;43,44%;;;;;;;;34,44%;33,50%;49,74%;48,94%;47,87%;;;;;;;;36,50%;36,10%;36,54%;36,37%;36,39%;;;;;;;;-9,85%;-10,01%;-10,23%;-10,43%;-10,66%;;;;;;;;58,79%;46,51%;38,98%;33,83%;30,19%;;;;;;;
134;ФИБ, ОАО;;;;;;;;;;;;;;;;;;;;;;;;;;;;;;;;;;;;;;;;;;;;;;;;;;;;;;;;;;;;;;;;;;;;;;;;;;;;;;;;;;;;;;;;;;;;;;;;;;;;;;;;;;;;;;;;;;;;;;;;;;;;;;;;;;;;;;;;;;;;;;;;;;;;;;;;;;;;;;;;;;;;;;;;;;;;;;;;;;;;;;;;;;;;;;;;;
135;РАТИБОР-БАНК, ООО КБ;044552577;;;;;;;;;;;;;;;;;;;;;;;;;;;;;;;;;;;;;;;;;;;;;;;;;;;;;;;;;;;;;;;;;;;;;;;;;;;;;;;;;;;;;;;;;;;;;;;;;;;;;;;;;;;;;;;;;;;;;;;;;;;;;;;;;;;;;;;;;;;;;;;;;;;;;;;;;;;;;;;;;;;;;;;;;;;;;;;;;;;;;;;;;;;;;;;;
136;СОЮЗПРОМБАНК ООО, КБ;044583923;;;;;;;;;;;;;;;;;;;;;;;;;;;;;;;;;;;;;;;;;;;;;;;;;;;;;;;;;;;;;;;;;;;;;;;;;;;;;;;;;;;;;;;;;;;;;;;;;;;;;;;;;;;;;;;;;;;;;;;;;;;;;;;;;;;;;;;;;;;;;;;;;;;;;;;;;;;;;;;;;;;;;;;;;;;;;;;;;;;;;;;;;;;;;;;;
137;БОРОВИЦКИЕ ВОРОТА, ООО КБ;044518182;;;;;;;;;;;;;;;;;;;;;;;;;;;;;;;;;;;;;;;;;;;;;;;;;;;;;;;;;;;;;;;;;;;;;;;;;;;;;;;;;;;;;;;;;;;;;;;;;;;;;;;;;;;;;;;;;;;;;;;;;;;;;;;;;;;;;;;;;;;;;;;;;;;;;;;;;;;;;;;;;;;;;;;;;;;;;;;;;;;;;;;;;;;;;;;;
138;ИДЕАЛБАНК, ООО;044552723;;;;;;;;;;;;;;;;;;;;;;;;;;;;;;;;;;;;;;;;;;;;;;;;;;;;;;;;;;;;;;;;;;;;;;;;;;;;;;;;;;;;;;;;;;;;;;;;;;;;;;;;;;;;;;;;;;;;;;;;;;;;;;;;;;;;;;;;;;;;;;;;;;;;;;;;;;;;;;;;;;;;;;;;;;;;;;;;;;;;;;;;;;;;;;;;
139;СОЦГОРБАНК, ОАО КБ;044583705;;;;;;;;;;;;;;;;;;;;;;;;;;;;;;;;;;;;;;;;;;;;;;;;;;;;;;;;;;;;;;;;;;;;;;;;;;;;;;;;;;;;;;;;;;;;;;;;;;;;;;;;;;;;;;;;;;;;;;;;;;;;;;;;;;;;;;;;;;;;;;;;;;;;;;;;;;;;;;;;;;;;;;;;;;;;;;;;;;;;;;;;;;;;;;;;
140;РОСЕВРОБАНК (АО), АКБ;044525836;1 497 202 000;2 107 678 000;2 195 566 000;3 342 852 000;3 796 369 000;4 488 745 000;4 769 213 000;4 974 690 000;6 144 857 000;;;;1 186 924 000;1 244 184 000;933 949 000;841 391 000;606 593 000;646 011 000;790 276 000;822 968 000;807 164 000;;;;4 326 775 000;4 277 881 000;2 880 005 000;3 570 354 000;2 902 540 000;2 642 452 000;3 038 149 000;2 130 695 000;2 181 258 000;;;;146 734 869 000;141 496 739 000;153 073 225 000;154 614 499 000;146 683 030 000;145 514 718 000;145 639 917 000;141 051 871 000;143 922 865 000;;;;85 001 155 000;79 790 559 000;89 743 568 000;80 034 110 000;79 252 123 000;79 920 261 000;82 716 278 000;82 590 353 000;87 039 835 000;;;;17 876 103 000;17 031 563 000;17 930 636 000;22 430 546 000;13 630 030 000;14 021 526 000;10 930 827 000;8 502 304 000;7 742 375 000;;;;42 126 333 000;42 760 152 000;43 711 917 000;51 121 129 000;52 348 995 000;50 215 376 000;50 446 181 000;48 485 228 000;47 737 537 000;;;;0;0;0;0;0;0;0;0;0;;;;2 533 425 000;2 370 091 000;2 773 431 000;2 816 249 000;2 696 474 000;2 684 250 000;2 791 298 000;2 930 550 000;1 975 957 000;;;;14 982 915 000;14 901 862 000;15 617 171 000;15 079 378 000;14 422 200 000;14 375 379 000;14 715 260 000;15 032 883 000;14 506 088 000;;;;34 085 753 000;33 939 322 000;30 547 006 000;31 854 134 000;30 112 030 000;30 413 977 000;29 910 793 000;30 558 088 000;31 230 807 000;;;;11,31%;11,04%;11,01%;10,66%;10,62%;10,13%;10,40%;10,85%;11,12%;;;;135,19%;131,25%;133,06%;140,43%;140,24%;122,16%;124,43%;122,92%;126,97%;;;;3,50%;3,42%;3,29%;3,31%;3,42%;3,35%;3,42%;3,43%;3,68%;;;;2,13%;2,08%;2,02%;1,95%;1,89%;1,86%;1,84%;1,83%;1,83%;;;;12,42%;12,12%;11,80%;11,50%;11,30%;11,25%;11,30%;11,42%;11,49%;;;
141;ЕВРОПЕЙСКИЙ ЭКСПРЕСС, ООО КБ;049205714;;;;;;;;;;;;;;;;;;;;;;;;;;;;;;;;;;;;;;;;;;;;;;;;;;;;;;;;;;;;;;;;;;;;;;;;;;;;;;;;;;;;;;;;;;;;;;;;;;;;;;;;;;;;;;;;;;;;;;;;;;;;;;;;;;;;;;;;;;;;;;;;;;;;;;;;;;;;;;;;;;;;;;;;;;;;;;;;;;;;;;;;;;;;;;;;
142;ЭНТУЗИАСТБАНК ООО, ИКБ;044525804;;;;;;;;;;;;;;;;;;;;;;;;;;;;;;;;;;;;;;;;;;;;;;;;;;;;;;;;;;;;;;;;;;;;;;;;;;;;;;;;;;;;;;;;;;;;;;;;;;;;;;;;;;;;;;;;;;;;;;;;;;;;;;;;;;;;;;;;;;;;;;;;;;;;;;;;;;;;;;;;;;;;;;;;;;;;;;;;;;;;;;;;;;;;;;;;
143;ОБЪЕДИНЕННЫЙ БАНК РАЗВИТИЯ, ООО КБ;044585153;;;;;;;;;;;;;;;;;;;;;;;;;;;;;;;;;;;;;;;;;;;;;;;;;;;;;;;;;;;;;;;;;;;;;;;;;;;;;;;;;;;;;;;;;;;;;;;;;;;;;;;;;;;;;;;;;;;;;;;;;;;;;;;;;;;;;;;;;;;;;;;;;;;;;;;;;;;;;;;;;;;;;;;;;;;;;;;;;;;;;;;;;;;;;;;;
144;БИНБАНК СУРГУТ, ПАО;047144704;;;;;;;;;;;;;;;;;;;;;;;;;;;;;;;;;;;;;;;;;;;;;;;;;;;;;;;;;;;;;;;;;;;;;;;;;;;;;;;;;;;;;;;;;;;;;;;;;;;;;;;;;;;;;;;;;;;;;;;;;;;;;;;;;;;;;;;;;;;;;;;;;;;;;;;;;;;;;;;;;;;;;;;;;;;;;;;;;;;;;;;;;;;;;;;;
145;МЕЖРЕГИОНКЛИРИНГЦЕНТР, НКО ЗАО;044583790;;;;;;;;;;;;;;;;;;;;;;;;;;;;;;;;;;;;;;;;;;;;;;;;;;;;;;;;;;;;;;;;;;;;;;;;;;;;;;;;;;;;;;;;;;;;;;;;;;;;;;;;;;;;;;;;;;;;;;;;;;;;;;;;;;;;;;;;;;;;;;;;;;;;;;;;;;;;;;;;;;;;;;;;;;;;;;;;;;;;;;;;;;;;;;;;
146;ЭНО (ПАО), АКБ;048209734;;;;;;;;;;;;;;;;;;;;;;;;;;;;;;;;;;;;;;;;;;;;;;;;;;;;;;;;;;;;;;;;;;;;;;;;;;;;;;;;;;;;;;;;;;;;;;;;;;;;;;;;;;;;;;;;;;;;;;;;;;;;;;;;;;;;;;;;;;;;;;;;;;;;;;;;;;;;;;;;;;;;;;;;;;;;;;;;;;;;;;;;;;;;;;;;
147;ВЕКОМБАНК, ОАО;;;;;;;;;;;;;;;;;;;;;;;;;;;;;;;;;;;;;;;;;;;;;;;;;;;;;;;;;;;;;;;;;;;;;;;;;;;;;;;;;;;;;;;;;;;;;;;;;;;;;;;;;;;;;;;;;;;;;;;;;;;;;;;;;;;;;;;;;;;;;;;;;;;;;;;;;;;;;;;;;;;;;;;;;;;;;;;;;;;;;;;;;;;;;;;;;
148;АДАМ ИНТЕРНЭШНЛ АО, АКБ;048209750;;;;;;;;;;;;;;;;;;;;;;;;;;;;;;;;;;;;;;;;;;;;;;;;;;;;;;;;;;;;;;;;;;;;;;;;;;;;;;;;;;;;;;;;;;;;;;;;;;;;;;;;;;;;;;;;;;;;;;;;;;;;;;;;;;;;;;;;;;;;;;;;;;;;;;;;;;;;;;;;;;;;;;;;;;;;;;;;;;;;;;;;;;;;;;;;
149;МНИБ, ООО КБ;044525546;;;;;;;;;;;;;;;;;;;;;;;;;;;;;;;;;;;;;;;;;;;;;;;;;;;;;;;;;;;;;;;;;;;;;;;;;;;;;;;;;;;;;;;;;;;;;;;;;;;;;;;;;;;;;;;;;;;;;;;;;;;;;;;;;;;;;;;;;;;;;;;;;;;;;;;;;;;;;;;;;;;;;;;;;;;;;;;;;;;;;;;;;;;;;;;;
150;ЕВРОИНВЕСТ (ООО), НКО;044525474;;;;;;;;;;;;;;;;;;;;;;;;;;;;;;;;;;;;;;;;;;;;;;;;;;;;;;;;;;;;;;;;;;;;;;;;;;;;;;;;;;;;;;;;;;;;;;;;;;;;;;;;;;;;;;;;;;;;;;;;;;;;;;;;;;;;;;;;;;;;;;;;;;;;;;;;;;;;;;;;;;;;;;;;;;;;;;;;;;;;;;;;;;;;;;;;
151;ТРАНСЭНЕРГОБАНК, ООО;048220737;;;;;;;;;;;;;;;;;;;;;;;;;;;;;;;;;;;;;;;;;;;;;;;;;;;;;;;;;;;;;;;;;;;;;;;;;;;;;;;;;;;;;;;;;;;;;;;;;;;;;;;;;;;;;;;;;;;;;;;;;;;;;;;;;;;;;;;;;;;;;;;;;;;;;;;;;;;;;;;;;;;;;;;;;;;;;;;;;;;;;;;;;;;;;;;;
152;НЕРЮНГРИБАНК, АО;;;;;;;;;;;;;;;;;;;;;;;;;;;;;;;;;;;;;;;;;;;;;;;;;;;;;;;;;;;;;;;;;;;;;;;;;;;;;;;;;;;;;;;;;;;;;;;;;;;;;;;;;;;;;;;;;;;;;;;;;;;;;;;;;;;;;;;;;;;;;;;;;;;;;;;;;;;;;;;;;;;;;;;;;;;;;;;;;;;;;;;;;;;;;;;;;
153;ТРАСТ КАПИТАЛ БАНК АО, КБ;044525557;;;;;;;;;;;;;;;;;;;;;;;;;;;;;;;;;;;;;;;;;;;;;;;;;;;;;;;;;;;;;;;;;;;;;;;;;;;;;;;;;;;;;;;;;;;;;;;;;;;;;;;;;;;;;;;;;;;;;;;;;;;;;;;;;;;;;;;;;;;;;;;;;;;;;;;;;;;;;;;;;;;;;;;;;;;;;;;;;;;;;;;;;;;;;;;;
154;БИНБАНК ТВЕРЬ, ПАО;042809707;;;;;;;;;;;;;;;;;;;;;;;;;;;;;;;;;;;;;;;;;;;;;;;;;;;;;;;;;;;;;;;;;;;;;;;;;;;;;;;;;;;;;;;;;;;;;;;;;;;;;;;;;;;;;;;;;;;;;;;;;;;;;;;;;;;;;;;;;;;;;;;;;;;;;;;;;;;;;;;;;;;;;;;;;;;;;;;;;;;;;;;;;;;;;;;;
155;БИНБАНК, ПАО;044525205;;;;;;;;;;;;;;;;;;;;;;;;;;;;;;;;;;;;;;;;;;;;;;;;;;;;;;;;;;;;;;;;;;;;;;;;;;;;;;;;;;;;;;;;;;;;;;;;;;;;;;;;;;;;;;;;;;;;;;;;;;;;;;;;;;;;;;;;;;;;;;;;;;;;;;;;;;;;;;;;;;;;;;;;;;;;;;;;;;;;;;;;;;;;;;;;
156;УРАЛПРИВАТБАНК, АО;046577421;;;;;;;;;;;;;;;;;;;;;;;;;;;;;;;;;;;;;;;;;;;;;;;;;;;;;;;;;;;;;;;;;;;;;;;;;;;;;;;;;;;;;;;;;;;;;;;;;;;;;;;;;;;;;;;;;;;;;;;;;;;;;;;;;;;;;;;;;;;;;;;;;;;;;;;;;;;;;;;;;;;;;;;;;;;;;;;;;;;;;;;;;;;;;;;;
157;АЗИЯ БАНК, АО;044525333;;;;;;;;;;;;;;;;;;;;;;;;;;;;;;;;;;;;;;;;;;;;;;;;;;;;;;;;;;;;;;;;;;;;;;;;;;;;;;;;;;;;;;;;;;;;;;;;;;;;;;;;;;;;;;;;;;;;;;;;;;;;;;;;;;;;;;;;;;;;;;;;;;;;;;;;;;;;;;;;;;;;;;;;;;;;;;;;;;;;;;;;;;;;;;;;
158;ЭЛЛИПС БАНК, ОАО КБ;042202798;;;;;;;;;;;;;;;;;;;;;;;;;;;;;;;;;;;;;;;;;;;;;;;;;;;;;;;;;;;;;;;;;;;;;;;;;;;;;;;;;;;;;;;;;;;;;;;;;;;;;;;;;;;;;;;;;;;;;;;;;;;;;;;;;;;;;;;;;;;;;;;;;;;;;;;;;;;;;;;;;;;;;;;;;;;;;;;;;;;;;;;;;;;;;;;;
159;СОЦЭКОНОМБАНК ООО, КБ;044579982;;;;;;;;;;;;;;;;;;;;;;;;;;;;;;;;;;;;;;;;;;;;;;;;;;;;;;;;;;;;;;;;;;;;;;;;;;;;;;;;;;;;;;;;;;;;;;;;;;;;;;;;;;;;;;;;;;;;;;;;;;;;;;;;;;;;;;;;;;;;;;;;;;;;;;;;;;;;;;;;;;;;;;;;;;;;;;;;;;;;;;;;;;;;;;;;
160;ДЕПОЗИТАРИЙ ЦЕНТРАЛЬНЫЙ, АОЗТ;040349766;;;;;;;;;;;;;;;;;;;;;;;;;;;;;;;;;;;;;;;;;;;;;;;;;;;;;;;;;;;;;;;;;;;;;;;;;;;;;;;;;;;;;;;;;;;;;;;;;;;;;;;;;;;;;;;;;;;;;;;;;;;;;;;;;;;;;;;;;;;;;;;;;;;;;;;;;;;;;;;;;;;;;;;;;;;;;;;;;;;;;;;;;;;;;;;;
161;СЕНАТОР (ООО), МБ;044583301;;;;;;;;;;;;;;;;;;;;;;;;;;;;;;;;;;;;;;;;;;;;;;;;;;;;;;;;;;;;;;;;;;;;;;;;;;;;;;;;;;;;;;;;;;;;;;;;;;;;;;;;;;;;;;;;;;;;;;;;;;;;;;;;;;;;;;;;;;;;;;;;;;;;;;;;;;;;;;;;;;;;;;;;;;;;;;;;;;;;;;;;;;;;;;;;
162;ОБЪЕДИНЕННЫЙ ГОРНЫЙ БАНК (ООО), МКБ;044585662;;;;;;;;;;;;;;;;;;;;;;;;;;;;;;;;;;;;;;;;;;;;;;;;;;;;;;;;;;;;;;;;;;;;;;;;;;;;;;;;;;;;;;;;;;;;;;;;;;;;;;;;;;;;;;;;;;;;;;;;;;;;;;;;;;;;;;;;;;;;;;;;;;;;;;;;;;;;;;;;;;;;;;;;;;;;;;;;;;;;;;;;;;;;;;;;
163;ПРЕМЬЕР ЗАО, МАКБ;;;;;;;;;;;;;;;;;;;;;;;;;;;;;;;;;;;;;;;;;;;;;;;;;;;;;;;;;;;;;;;;;;;;;;;;;;;;;;;;;;;;;;;;;;;;;;;;;;;;;;;;;;;;;;;;;;;;;;;;;;;;;;;;;;;;;;;;;;;;;;;;;;;;;;;;;;;;;;;;;;;;;;;;;;;;;;;;;;;;;;;;;;;;;;;;;
164;ФИНАНСОВЫЕ УСЛУГИ (ООО), НКО;044552354;;;;;;;;;;;;;;;;;;;;;;;;;;;;;;;;;;;;;;;;;;;;;;;;;;;;;;;;;;;;;;;;;;;;;;;;;;;;;;;;;;;;;;;;;;;;;;;;;;;;;;;;;;;;;;;;;;;;;;;;;;;;;;;;;;;;;;;;;;;;;;;;;;;;;;;;;;;;;;;;;;;;;;;;;;;;;;;;;;;;;;;;;;;;;;;;
165;ФЕМИЛИ, ООО КБ;;;;;;;;;;;;;;;;;;;;;;;;;;;;;;;;;;;;;;;;;;;;;;;;;;;;;;;;;;;;;;;;;;;;;;;;;;;;;;;;;;;;;;;;;;;;;;;;;;;;;;;;;;;;;;;;;;;;;;;;;;;;;;;;;;;;;;;;;;;;;;;;;;;;;;;;;;;;;;;;;;;;;;;;;;;;;;;;;;;;;;;;;;;;;;;;;
166;ЭКСПО ФИНАНС АО, БАНК;044525217;;;;;;;;;;;;;;;;;;;;;;;;;;;;;;;;;;;;;;;;;;;;;;;;;;;;;;;;;;;;;;;;;;;;;;;;;;;;;;;;;;;;;;;;;;;;;;;;;;;;;;;;;;;;;;;;;;;;;;;;;;;;;;;;;;;;;;;;;;;;;;;;;;;;;;;;;;;;;;;;;;;;;;;;;;;;;;;;;;;;;;;;;;;;;;;;
167;РЕКОРБАНК (ООО);042406798;;;;;;;;;;;;;;;;;;;;;;;;;;;;;;;;;;;;;;;;;;;;;;;;;;;;;;;;;;;;;;;;;;;;;;;;;;;;;;;;;;;;;;;;;;;;;;;;;;;;;;;;;;;;;;;;;;;;;;;;;;;;;;;;;;;;;;;;;;;;;;;;;;;;;;;;;;;;;;;;;;;;;;;;;;;;;;;;;;;;;;;;;;;;;;;;
168;НБК-БАНК, АО;044525637;-19 110 000;-32 175 000;-38 462 000;;;;;;;;;;1 326 026 000;476 695 000;796 054 000;;;;;;;;;;3 489 702 000;3 504 338 000;3 539 082 000;;;;;;;;;;558 264 000;484 463 000;510 153 000;;;;;;;;;;143 468 000;91 897 000;127 618 000;;;;;;;;;;47 000 000;25 000 000;0;;;;;;;;;;367 728 000;367 498 000;382 468 000;;;;;;;;;;0;0;0;;;;;;;;;;0;0;0;;;;;;;;;;835 504 000;850 890 000;863 520 000;;;;;;;;;;1 214 464 000;1 205 905 000;1 198 383 000;;;;;;;;;;18,94%;19,35%;19,61%;;;;;;;;;;183,54%;182,06%;183,44%;;;;;;;;;;28,40%;30,41%;30,05%;;;;;;;;;;0,91%;0,78%;0,67%;;;;;;;;;;4,71%;4,05%;3,48%;;;;;;;;;
169;БАШПРОМБАНК, ПАО;048073747;;;;;;;;;;;;;;;;;;;;;;;;;;;;;;;;;;;;;;;;;;;;;;;;;;;;;;;;;;;;;;;;;;;;;;;;;;;;;;;;;;;;;;;;;;;;;;;;;;;;;;;;;;;;;;;;;;;;;;;;;;;;;;;;;;;;;;;;;;;;;;;;;;;;;;;;;;;;;;;;;;;;;;;;;;;;;;;;;;;;;;;;;;;;;;;;
170;ТНГИБАНК, ОАО;046902762;;;;;;;;;;;;;;;;;;;;;;;;;;;;;;;;;;;;;;;;;;;;;;;;;;;;;;;;;;;;;;;;;;;;;;;;;;;;;;;;;;;;;;;;;;;;;;;;;;;;;;;;;;;;;;;;;;;;;;;;;;;;;;;;;;;;;;;;;;;;;;;;;;;;;;;;;;;;;;;;;;;;;;;;;;;;;;;;;;;;;;;;;;;;;;;;
171;МАК-БАНК (ООО), КБ;044552514;;;;;;;;;;;;;;;;;;;;;;;;;;;;;;;;;;;;;;;;;;;;;;;;;;;;;;;;;;;;;;;;;;;;;;;;;;;;;;;;;;;;;;;;;;;;;;;;;;;;;;;;;;;;;;;;;;;;;;;;;;;;;;;;;;;;;;;;;;;;;;;;;;;;;;;;;;;;;;;;;;;;;;;;;;;;;;;;;;;;;;;;;;;;;;;;
172;СБЕРИНВЕСТБАНК, ЗАО;046577957;;;;;;;;;;;;;;;;;;;;;;;;;;;;;;;;;;;;;;;;;;;;;;;;;;;;;;;;;;;;;;;;;;;;;;;;;;;;;;;;;;;;;;;;;;;;;;;;;;;;;;;;;;;;;;;;;;;;;;;;;;;;;;;;;;;;;;;;;;;;;;;;;;;;;;;;;;;;;;;;;;;;;;;;;;;;;;;;;;;;;;;;;;;;;;;;
173;ПЕТРО-АЭРО-БАНК, ОАО КБ;;;;;;;;;;;;;;;;;;;;;;;;;;;;;;;;;;;;;;;;;;;;;;;;;;;;;;;;;;;;;;;;;;;;;;;;;;;;;;;;;;;;;;;;;;;;;;;;;;;;;;;;;;;;;;;;;;;;;;;;;;;;;;;;;;;;;;;;;;;;;;;;;;;;;;;;;;;;;;;;;;;;;;;;;;;;;;;;;;;;;;;;;;;;;;;;;
174;СРЦ, ЗАО;045004303;;;;;;;;;;;;;;;;;;;;;;;;;;;;;;;;;;;;;;;;;;;;;;;;;;;;;;;;;;;;;;;;;;;;;;;;;;;;;;;;;;;;;;;;;;;;;;;;;;;;;;;;;;;;;;;;;;;;;;;;;;;;;;;;;;;;;;;;;;;;;;;;;;;;;;;;;;;;;;;;;;;;;;;;;;;;;;;;;;;;;;;;;;;;;;;;
175;ПРОМБАНК, ОАО КБ;044552600;;;;;;;;;;;;;;;;;;;;;;;;;;;;;;;;;;;;;;;;;;;;;;;;;;;;;;;;;;;;;;;;;;;;;;;;;;;;;;;;;;;;;;;;;;;;;;;;;;;;;;;;;;;;;;;;;;;;;;;;;;;;;;;;;;;;;;;;;;;;;;;;;;;;;;;;;;;;;;;;;;;;;;;;;;;;;;;;;;;;;;;;;;;;;;;;
176;НАШ БАНК, ОАО;043002705;;;;;;;;;;;;;;;;;;;;;;;;;;;;;;;;;;;;;;;;;;;;;;;;;;;;;;;;;;;;;;;;;;;;;;;;;;;;;;;;;;;;;;;;;;;;;;;;;;;;;;;;;;;;;;;;;;;;;;;;;;;;;;;;;;;;;;;;;;;;;;;;;;;;;;;;;;;;;;;;;;;;;;;;;;;;;;;;;;;;;;;;;;;;;;;;
177;МЕТКОМБАНК, АО;041946747;;;;;;;;;;;;;;;;;;;;;;;;;;;;;;;;;;;;;;;;;;;;;;;;;;;;;;;;;;;;;;;;;;;;;;;;;;;;;;;;;;;;;;;;;;;;;;;;;;;;;;;;;;;;;;;;;;;;;;;;;;;;;;;;;;;;;;;;;;;;;;;;;;;;;;;;;;;;;;;;;;;;;;;;;;;;;;;;;;;;;;;;;;;;;;;;
178;ИПОЗЕМБАНК, ООО;043602830;;;;;;;;;;;;;;;;;;;;;;;;;;;;;;;;;;;;;;;;;;;;;;;;;;;;;;;;;;;;;;;;;;;;;;;;;;;;;;;;;;;;;;;;;;;;;;;;;;;;;;;;;;;;;;;;;;;;;;;;;;;;;;;;;;;;;;;;;;;;;;;;;;;;;;;;;;;;;;;;;;;;;;;;;;;;;;;;;;;;;;;;;;;;;;;;
179;АУЭРБАНК, ООО КБ;044585252;;;;;;;;;;;;;;;;;;;;;;;;;;;;;;;;;;;;;;;;;;;;;;;;;;;;;;;;;;;;;;;;;;;;;;;;;;;;;;;;;;;;;;;;;;;;;;;;;;;;;;;;;;;;;;;;;;;;;;;;;;;;;;;;;;;;;;;;;;;;;;;;;;;;;;;;;;;;;;;;;;;;;;;;;;;;;;;;;;;;;;;;;;;;;;;;
180;БИНБАНК, ПАО;044525117;-16 692 393 000;61 848 229 000;56 948 209 000;60 510 545 000;62 675 859 000;65 385 178 000;63 956 144 000;64 231 807 000;65 011 367 000;63 838 460 000;0;;6 706 684 000;8 153 529 000;10 810 021 000;4 800 465 000;5 832 277 000;3 679 971 000;4 442 067 000;4 617 038 000;4 142 877 000;4 429 672 000;6 219 756 000;;14 523 149 000;5 094 237 000;10 328 772 000;10 245 399 000;11 304 771 000;5 238 343 000;4 015 023 000;3 747 147 000;3 708 794 000;18 856 192 000;3 035 717 000;;595 403 484 000;590 295 980 000;572 233 424 000;555 738 753 000;542 897 998 000;519 694 941 000;508 366 716 000;494 507 657 000;465 133 567 000;456 578 340 000;452 016 650 000;;33 848 619 000;30 122 089 000;29 317 747 000;30 989 815 000;31 734 590 000;34 955 309 000;35 037 769 000;34 491 806 000;33 036 305 000;33 939 047 000;34 722 214 000;;48 822 725 000;44 593 151 000;38 977 363 000;37 283 874 000;36 184 947 000;28 548 436 000;28 547 184 000;34 668 081 000;26 198 634 000;26 611 639 000;30 536 594 000;;509 588 224 000;512 450 689 000;501 477 627 000;485 680 946 000;472 204 586 000;453 681 205 000;442 281 014 000;422 043 955 000;402 186 466 000;392 085 895 000;383 838 100 000;;103 763 641 000;100 763 641 000;96 977 437 000;96 977 437 000;47 041 461 000;27 584 634 000;27 334 664 000;4 250 377 000;4 250 377 000;4 250 377 000;4 031 821 000;;3 470 052 000;3 288 641 000;3 091 498 000;2 341 496 000;2 163 184 000;2 139 929 000;2 030 843 000;800 230 000;683 095 000;436 194 000;432 481 000;;224 845 682 000;145 871 639 000;151 215 718 000;146 834 244 000;147 120 617 000;118 120 561 000;118 659 071 000;118 978 606 000;116 494 924 000;96 378 522 000;99 742 407 000;;-53 895 046 000;108 620 959 000;97 824 669 000;69 437 817 000;71 914 685 000;74 225 447 000;70 931 647 000;71 473 629 000;72 085 519 000;71 362 035 000;61 346 674 000;;36,37%;42,56%;36,32%;42,43%;34,57%;31,78%;26,74%;30,00%;27,98%;21,81%;20,85%;;86,53%;99,87%;80,84%;94,73%;78,55%;95,39%;94,15%;112,34%;131,89%;116,20%;116,11%;;19,46%;22,64%;19,42%;23,00%;19,19%;21,79%;17,85%;20,83%;19,39%;17,66%;15,33%;;-0,20%;-0,25%;-0,09%;0,34%;0,79%;1,28%;1,82%;2,54%;3,57%;4,53%;5,20%;;-4,46%;-7,55%;-3,29%;11,45%;26,56%;44,77%;65,81%;88,31%;107,45%;107,37%;94,30%;
181;ЮТИКПЭЙ (ООО), НКО;;;;;;;;;;;;;;;;;;;;;;;;;;;;;;;;;;;;;;;;;;;;;;;;;;;;;;;;;;;;;;;;;;;;;;;;;;;;;;;;;;;;;;;;;;;;;;;;;;;;;;;;;;;;;;;;;;;;;;;;;;;;;;;;;;;;;;;;;;;;;;;;;;;;;;;;;;;;;;;;;;;;;;;;;;;;;;;;;;;;;;;;;;;;;;;;;
182;ТЕТРАПОЛИС, АО КБ;044030841;;;;;;;;;;;;;;;;;;;;;;;;;;;;;;;;;;;;;;;;;;;;;;;;;;;;;;;;;;;;;;;;;;;;;;;;;;;;;;;;;;;;;;;;;;;;;;;;;;;;;;;;;;;;;;;;;;;;;;;;;;;;;;;;;;;;;;;;;;;;;;;;;;;;;;;;;;;;;;;;;;;;;;;;;;;;;;;;;;;;;;;;;;;;;;;;
183;ИНВЕСТКАПИТАЛБАНК, АО;048073891;;;;;;;;;;;;;;;;;;;;;;;;;;;;;;;;;;;;;;;;;;;;;;;;;;;;;;;;;;;;;;;;;;;;;;;;;;;;;;;;;;;;;;;;;;;;;;;;;;;;;;;;;;;;;;;;;;;;;;;;;;;;;;;;;;;;;;;;;;;;;;;;;;;;;;;;;;;;;;;;;;;;;;;;;;;;;;;;;;;;;;;;;;;;;;;;
184;ПАРТНЕРБАНК ООО, КБ;046329718;;;;;;;;;;;;;;;;;;;;;;;;;;;;;;;;;;;;;;;;;;;;;;;;;;;;;;;;;;;;;;;;;;;;;;;;;;;;;;;;;;;;;;;;;;;;;;;;;;;;;;;;;;;;;;;;;;;;;;;;;;;;;;;;;;;;;;;;;;;;;;;;;;;;;;;;;;;;;;;;;;;;;;;;;;;;;;;;;;;;;;;;;;;;;;;;
185;ХАЛЬМГ ТЕГ, ОАО АКККЗБ;048580750;;;;;;;;;;;;;;;;;;;;;;;;;;;;;;;;;;;;;;;;;;;;;;;;;;;;;;;;;;;;;;;;;;;;;;;;;;;;;;;;;;;;;;;;;;;;;;;;;;;;;;;;;;;;;;;;;;;;;;;;;;;;;;;;;;;;;;;;;;;;;;;;;;;;;;;;;;;;;;;;;;;;;;;;;;;;;;;;;;;;;;;;;;;;;;;;
186;ВЫМПЕЛ, ОАО КБ;044545121;;;;;;;;;;;;;;;;;;;;;;;;;;;;;;;;;;;;;;;;;;;;;;;;;;;;;;;;;;;;;;;;;;;;;;;;;;;;;;;;;;;;;;;;;;;;;;;;;;;;;;;;;;;;;;;;;;;;;;;;;;;;;;;;;;;;;;;;;;;;;;;;;;;;;;;;;;;;;;;;;;;;;;;;;;;;;;;;;;;;;;;;;;;;;;;;
187;ПКД, АО НКО;044525554;;;;;;;;;;;;;;;;;;;;;;;;;;;;;;;;;;;;;;;;;;;;;;;;;;;;;;;;;;;;;;;;;;;;;;;;;;;;;;;;;;;;;;;;;;;;;;;;;;;;;;;;;;;;;;;;;;;;;;;;;;;;;;;;;;;;;;;;;;;;;;;;;;;;;;;;;;;;;;;;;;;;;;;;;;;;;;;;;;;;;;;;;;;;;;;;
188;МРП (ООО), НКО;044585658;;;;;;;;;;;;;;;;;;;;;;;;;;;;;;;;;;;;;;;;;;;;;;;;;;;;;;;;;;;;;;;;;;;;;;;;;;;;;;;;;;;;;;;;;;;;;;;;;;;;;;;;;;;;;;;;;;;;;;;;;;;;;;;;;;;;;;;;;;;;;;;;;;;;;;;;;;;;;;;;;;;;;;;;;;;;;;;;;;;;;;;;;;;;;;;;
189;ИНТЕГРО ОАО, КБ;044545167;;;;;;;;;;;;;;;;;;;;;;;;;;;;;;;;;;;;;;;;;;;;;;;;;;;;;;;;;;;;;;;;;;;;;;;;;;;;;;;;;;;;;;;;;;;;;;;;;;;;;;;;;;;;;;;;;;;;;;;;;;;;;;;;;;;;;;;;;;;;;;;;;;;;;;;;;;;;;;;;;;;;;;;;;;;;;;;;;;;;;;;;;;;;;;;;
190;МГБ ООО, РНКО;048209782;;;;;;;;;;;;;;;;;;;;;;;;;;;;;;;;;;;;;;;;;;;;;;;;;;;;;;;;;;;;;;;;;;;;;;;;;;;;;;;;;;;;;;;;;;;;;;;;;;;;;;;;;;;;;;;;;;;;;;;;;;;;;;;;;;;;;;;;;;;;;;;;;;;;;;;;;;;;;;;;;;;;;;;;;;;;;;;;;;;;;;;;;;;;;;;;
191;СОЦКРЕДИТБАНК, КБ ООО;048073827;;;;;;;;;;;;;;;;;;;;;;;;;;;;;;;;;;;;;;;;;;;;;;;;;;;;;;;;;;;;;;;;;;;;;;;;;;;;;;;;;;;;;;;;;;;;;;;;;;;;;;;;;;;;;;;;;;;;;;;;;;;;;;;;;;;;;;;;;;;;;;;;;;;;;;;;;;;;;;;;;;;;;;;;;;;;;;;;;;;;;;;;;;;;;;;;
192;НОВОЕ ВРЕМЯ (ООО), КБ;044525258;15 596 000;5 406 000;63 479 000;62 576 000;12 167 000;133 540 000;;;;;;;0;0;0;0;0;0;;;;;;;0;0;0;0;0;0;;;;;;;584 363 000;594 382 000;763 126 000;682 297 000;211 822 000;7 962 000;;;;;;;160 507 000;148 777 000;198 629 000;204 972 000;175 445 000;5 187 000;;;;;;;361 866 000;372 222 000;402 998 000;406 859 000;0;0;;;;;;;61 990 000;73 383 000;161 499 000;70 466 000;36 377 000;2 775 000;;;;;;;0;0;0;0;0;0;;;;;;;0;79 121 000;113 188 000;103 177 000;86 147 000;0;;;;;;;157 380 000;165 579 000;106 990 000;106 929 000;157 295 000;1 593 000;;;;;;;1 365 693 000;1 364 812 000;1 224 394 000;1 227 079 000;769 499 000;890 405 000;;;;;;;47,23%;58,19%;99,85%;99,87%;99,91%;95,42%;;;;;;;147,08%;166,37%;156,33%;156,41%;156,57%;211,49%;;;;;;;32,91%;34,36%;98,90%;98,96%;99,05%;51,82%;;;;;;;8,04%;7,87%;7,58%;7,20%;7,03%;6,69%;;;;;;;11,96%;11,53%;10,90%;10,21%;9,91%;9,44%;;;;;;
193;ПЕРВЫЙ КАПИТАЛ (ЗАО), АКБ;044579216;;;;;;;;;;;;;;;;;;;;;;;;;;;;;;;;;;;;;;;;;;;;;;;;;;;;;;;;;;;;;;;;;;;;;;;;;;;;;;;;;;;;;;;;;;;;;;;;;;;;;;;;;;;;;;;;;;;;;;;;;;;;;;;;;;;;;;;;;;;;;;;;;;;;;;;;;;;;;;;;;;;;;;;;;;;;;;;;;;;;;;;;;;;;;;;;
194;БВА БАНК, ЗАО;044525874;;;;;;;;;;;;;;;;;;;;;;;;;;;;;;;;;;;;;;;;;;;;;;;;;;;;;;;;;;;;;;;;;;;;;;;;;;;;;;;;;;;;;;;;;;;;;;;;;;;;;;;;;;;;;;;;;;;;;;;;;;;;;;;;;;;;;;;;;;;;;;;;;;;;;;;;;;;;;;;;;;;;;;;;;;;;;;;;;;;;;;;;;;;;;;;;
195;ТЭСТ, ПАО КБ;044579377;;;;;;;;;;;;;;;;;;;;;;;;;;;;;;;;;;;;;;;;;;;;;;;;;;;;;;;;;;;;;;;;;;;;;;;;;;;;;;;;;;;;;;;;;;;;;;;;;;;;;;;;;;;;;;;;;;;;;;;;;;;;;;;;;;;;;;;;;;;;;;;;;;;;;;;;;;;;;;;;;;;;;;;;;;;;;;;;;;;;;;;;;;;;;;;;
196;МЦМ, ОАО НДКО;042007839;;;;;;;;;;;;;;;;;;;;;;;;;;;;;;;;;;;;;;;;;;;;;;;;;;;;;;;;;;;;;;;;;;;;;;;;;;;;;;;;;;;;;;;;;;;;;;;;;;;;;;;;;;;;;;;;;;;;;;;;;;;;;;;;;;;;;;;;;;;;;;;;;;;;;;;;;;;;;;;;;;;;;;;;;;;;;;;;;;;;;;;;;;;;;;;;
197;КЕДР, ПАО КБ;040407718;;;;;;;;;;;;;;;;;;;;;;;;;;;;;;;;;;;;;;;;;;;;;;;;;;;;;;;;;;;;;;;;;;;;;;;;;;;;;;;;;;;;;;;;;;;;;;;;;;;;;;;;;;;;;;;;;;;;;;;;;;;;;;;;;;;;;;;;;;;;;;;;;;;;;;;;;;;;;;;;;;;;;;;;;;;;;;;;;;;;;;;;;;;;;;;;
198;НР БАНК, ООО КБ;;;;;;;;;;;;;;;;;;;;;;;;;;;;;;;;;;;;;;;;;;;;;;;;;;;;;;;;;;;;;;;;;;;;;;;;;;;;;;;;;;;;;;;;;;;;;;;;;;;;;;;;;;;;;;;;;;;;;;;;;;;;;;;;;;;;;;;;;;;;;;;;;;;;;;;;;;;;;;;;;;;;;;;;;;;;;;;;;;;;;;;;;;;;;;;;;
199;БИНБАНК СМОЛЕНСК, ПАО;046614757;;;;;;;;;;;;;;;;;;;;;;;;;;;;;;;;;;;;;;;;;;;;;;;;;;;;;;;;;;;;;;;;;;;;;;;;;;;;;;;;;;;;;;;;;;;;;;;;;;;;;;;;;;;;;;;;;;;;;;;;;;;;;;;;;;;;;;;;;;;;;;;;;;;;;;;;;;;;;;;;;;;;;;;;;;;;;;;;;;;;;;;;;;;;;;;;
200;ПРИПОЛЯРКОМ, АО РНКО;047191984;;;;;;;;;;;;;;;;;;;;;;;;;;;;;;;;;;;;;;;;;;;;;;;;;;;;;;;;;;;;;;;;;;;;;;;;;;;;;;;;;;;;;;;;;;;;;;;;;;;;;;;;;;;;;;;;;;;;;;;;;;;;;;;;;;;;;;;;;;;;;;;;;;;;;;;;;;;;;;;;;;;;;;;;;;;;;;;;;;;;;;;;;;;;;;;;
201;ТЮМЕНЬЭНЕРГОБАНК, ОАО;047132788;;;;;;;;;;;;;;;;;;;;;;;;;;;;;;;;;;;;;;;;;;;;;;;;;;;;;;;;;;;;;;;;;;;;;;;;;;;;;;;;;;;;;;;;;;;;;;;;;;;;;;;;;;;;;;;;;;;;;;;;;;;;;;;;;;;;;;;;;;;;;;;;;;;;;;;;;;;;;;;;;;;;;;;;;;;;;;;;;;;;;;;;;;;;;;;;
202;ДКД, ЗАО НКО;044579788;;;;;;;;;;;;;;;;;;;;;;;;;;;;;;;;;;;;;;;;;;;;;;;;;;;;;;;;;;;;;;;;;;;;;;;;;;;;;;;;;;;;;;;;;;;;;;;;;;;;;;;;;;;;;;;;;;;;;;;;;;;;;;;;;;;;;;;;;;;;;;;;;;;;;;;;;;;;;;;;;;;;;;;;;;;;;;;;;;;;;;;;;;;;;;;;
203;МЕГА БАНК, ЗАО;047102799;;;;;;;;;;;;;;;;;;;;;;;;;;;;;;;;;;;;;;;;;;;;;;;;;;;;;;;;;;;;;;;;;;;;;;;;;;;;;;;;;;;;;;;;;;;;;;;;;;;;;;;;;;;;;;;;;;;;;;;;;;;;;;;;;;;;;;;;;;;;;;;;;;;;;;;;;;;;;;;;;;;;;;;;;;;;;;;;;;;;;;;;;;;;;;;;
204;МУРП, ЗАО НКО;046577390;;;;;;;;;;;;;;;;;;;;;;;;;;;;;;;;;;;;;;;;;;;;;;;;;;;;;;;;;;;;;;;;;;;;;;;;;;;;;;;;;;;;;;;;;;;;;;;;;;;;;;;;;;;;;;;;;;;;;;;;;;;;;;;;;;;;;;;;;;;;;;;;;;;;;;;;;;;;;;;;;;;;;;;;;;;;;;;;;;;;;;;;;;;;;;;;
205;БВТ (ООО), КБ;044518180;;;;;;;;;;;;;;;;;;;;;;;;;;;;;;;;;;;;;;;;;;;;;;;;;;;;;;;;;;;;;;;;;;;;;;;;;;;;;;;;;;;;;;;;;;;;;;;;;;;;;;;;;;;;;;;;;;;;;;;;;;;;;;;;;;;;;;;;;;;;;;;;;;;;;;;;;;;;;;;;;;;;;;;;;;;;;;;;;;;;;;;;;;;;;;;;
206;ОТКРЫТИЕ, ОАО БАНК;044585297;;;;;;;;;;;;;;;;;;;;;;;;;;;;;;;;;;;;;;;;;;;;;;;;;;;;;;;;;;;;;;;;;;;;;;;;;;;;;;;;;;;;;;;;;;;;;;;;;;;;;;;;;;;;;;;;;;;;;;;;;;;;;;;;;;;;;;;;;;;;;;;;;;;;;;;;;;;;;;;;;;;;;;;;;;;;;;;;;;;;;;;;;;;;;;;;
207;РАСЧЕТНАЯ ПАЛАТА РТС (ЗАО), НКО;044583258;;;;;;;;;;;;;;;;;;;;;;;;;;;;;;;;;;;;;;;;;;;;;;;;;;;;;;;;;;;;;;;;;;;;;;;;;;;;;;;;;;;;;;;;;;;;;;;;;;;;;;;;;;;;;;;;;;;;;;;;;;;;;;;;;;;;;;;;;;;;;;;;;;;;;;;;;;;;;;;;;;;;;;;;;;;;;;;;;;;;;;;;;;;;;;;;
208;ФБ, АО РНКО;044525085;;;;;;;;;;;;;;;;;;;;;;;;;;;;;;;;;;;;;;;;;;;;;;;;;;;;;;;;;;;;;;;;;;;;;;;;;;;;;;;;;;;;;;;;;;;;;;;;;;;;;;;;;;;;;;;;;;;;;;;;;;;;;;;;;;;;;;;;;;;;;;;;;;;;;;;;;;;;;;;;;;;;;;;;;;;;;;;;;;;;;;;;;;;;;;;;
209;САХАЛИН-ВЕСТ ОАО, МАБЭС;046401760;;;;;;;;;;;;;;;;;;;;;;;;;;;;;;;;;;;;;;;;;;;;;;;;;;;;;;;;;;;;;;;;;;;;;;;;;;;;;;;;;;;;;;;;;;;;;;;;;;;;;;;;;;;;;;;;;;;;;;;;;;;;;;;;;;;;;;;;;;;;;;;;;;;;;;;;;;;;;;;;;;;;;;;;;;;;;;;;;;;;;;;;;;;;;;;;
210;БАНК РАСЧЕТОВ И СБЕРЕЖЕНИЙ, ООО КБ;044579828;;;;;;;;;;;;;;;;;;;;;;;;;;;;;;;;;;;;;;;;;;;;;;;;;;;;;;;;;;;;;;;;;;;;;;;;;;;;;;;;;;;;;;;;;;;;;;;;;;;;;;;;;;;;;;;;;;;;;;;;;;;;;;;;;;;;;;;;;;;;;;;;;;;;;;;;;;;;;;;;;;;;;;;;;;;;;;;;;;;;;;;;;;;;;;;;
211;ЮНИАСТРУМ БАНК (ООО), КБ;044525230;;;;;;;;;;;;;;;;;;;;;;;;;;;;;;;;;;;;;;;;;;;;;;;;;;;;;;;;;;;;;;;;;;;;;;;;;;;;;;;;;;;;;;;;;;;;;;;;;;;;;;;;;;;;;;;;;;;;;;;;;;;;;;;;;;;;;;;;;;;;;;;;;;;;;;;;;;;;;;;;;;;;;;;;;;;;;;;;;;;;;;;;;;;;;;;;
212;ФИНТРАСТБАНК, ООО КБ;044525239;;;;;;;;;;;;;;;;;;;;;;;;;;;;;;;;;;;;;;;;;;;;;;;;;;;;;;;;;;;;;;;;;;;;;;;;;;;;;;;;;;;;;;;;;;;;;;;;;;;;;;;;;;;;;;;;;;;;;;;;;;;;;;;;;;;;;;;;;;;;;;;;;;;;;;;;;;;;;;;;;;;;;;;;;;;;;;;;;;;;;;;;;;;;;;;;
213;СКИБ, ООО БАНК;043469564;360 865 000;425 890 000;584 603 000;645 112 000;484 791 000;643 628 000;606 697 000;697 418 000;720 815 000;;;;4 000;3 000;2 000;1 000;0;0;1 000;0;0;;;;5 180 659 000;4 440 272 000;5 048 139 000;4 865 535 000;7 189 285 000;6 664 537 000;7 905 131 000;8 168 554 000;2 381 026 000;;;;746 716 000;1 928 143 000;1 574 740 000;1 499 888 000;1 009 541 000;917 465 000;863 966 000;402 166 000;263 546 000;;;;721 454 000;1 910 349 000;1 557 092 000;1 482 006 000;994 628 000;902 460 000;848 407 000;398 147 000;263 526 000;;;;0;0;0;0;0;0;0;0;0;;;;25 262 000;17 794 000;17 578 000;17 817 000;14 644 000;14 956 000;15 519 000;4 019 000;20 000;;;;1 000 000 000;1 000 000 000;1 000 000 000;1 000 000 000;1 000 000 000;1 000 000 000;1 000 000 000;1 000 000 000;1 000 000 000;;;;172 000;176 000;188 000;181 000;182 000;183 000;199 000;191 000;187 000;;;;934 454 000;962 138 000;954 819 000;1 011 279 000;1 267 533 000;1 164 688 000;1 207 400 000;1 025 765 000;939 141 000;;;;4 705 810 000;4 783 400 000;4 812 283 000;4 782 769 000;3 321 880 000;3 501 331 000;3 433 077 000;3 439 246 000;3 499 211 000;;;;19,20%;15,82%;12,79%;12,03%;14,04%;18,53%;20,11%;20,28%;24,92%;;;;45,73%;33,43%;26,13%;22,44%;24,84%;31,67%;36,47%;35,31%;45,97%;;;;24,16%;18,17%;15,23%;13,46%;14,97%;20,53%;22,66%;23,05%;28,22%;;;;9,08%;8,76%;8,13%;7,48%;7,08%;6,69%;6,29%;5,90%;5,46%;;;;23,42%;22,65%;21,35%;20,06%;19,18%;18,39%;17,65%;16,89%;16,10%;;;
214;ФДБ, ООО КБ;044525195;;;;;;;;;;;;;;;;;;;;;;;;;;;;;;;;;;;;;;;;;;;;;;;;;;;;;;;;;;;;;;;;;;;;;;;;;;;;;;;;;;;;;;;;;;;;;;;;;;;;;;;;;;;;;;;;;;;;;;;;;;;;;;;;;;;;;;;;;;;;;;;;;;;;;;;;;;;;;;;;;;;;;;;;;;;;;;;;;;;;;;;;;;;;;;;;
215;СТРОЙИНДБАНК, ООО КБСИ;044552108;;;;;;;;;;;;;;;;;;;;;;;;;;;;;;;;;;;;;;;;;;;;;;;;;;;;;;;;;;;;;;;;;;;;;;;;;;;;;;;;;;;;;;;;;;;;;;;;;;;;;;;;;;;;;;;;;;;;;;;;;;;;;;;;;;;;;;;;;;;;;;;;;;;;;;;;;;;;;;;;;;;;;;;;;;;;;;;;;;;;;;;;;;;;;;;;
;;;;;;;;;;;;;;;;;;;;;;;;;;;;;;;;;;;;;;;;;;;;;;;;;;;;;;;;;;;;;;;;;;;;;;;;;;;;;;;;;;;;;;;;;;;;;;;;;;;;;;;;;;;;;;;;;;;;;;;;;;;;;;;;;;;;;;;;;;;;;;;;;;;;;;;;;;;;;;;;;;;;;;;;;;;;;;;;;;;;;;;;;;;;;;;;;;
Отчет подготовлен Системой СПАРК. 06.04.2019 15:03:50 МСК;;;;;;;;;;;;;;;;;;;;;;;;;;;;;;;;;;;;;;;;;;;;;;;;;;;;;;;;;;;;;;;;;;;;;;;;;;;;;;;;;;;;;;;;;;;;;;;;;;;;;;;;;;;;;;;;;;;;;;;;;;;;;;;;;;;;;;;;;;;;;;;;;;;;;;;;;;;;;;;;;;;;;;;;;;;;;;;;;;;;;;;;;;;;;;;;;;
